seed,episode,makespan,baseline,ratio,locality,epsilon
1,0,34.33216045968353,15.506465906758633,2.2140544896641825,0.38149587867329804,0.7704740438596104
1,1,25.67432498578326,12.360094518454579,2.077194874800472,0.33906325156325157,0.6629036876173989
1,2,33.36320013737503,13.152647119136985,2.5366148605045344,0.4248211755564697,0.55903008447479
1,3,62.69215530676396,17.1909143845299,3.6468191222673187,0.45583890746934225,0.49815677072906045
1,4,26.861686543022117,13.129253929713407,2.0459415810543677,0.4007905674572341,0.43510013452587254
1,5,24.660160660472272,14.076193547861195,1.7519054832987329,0.47897249355582683,0.36326212941510955
1,6,34.475512695104115,13.649022213557773,2.5258595198752833,0.5184143733250876,0.3156940417363508
1,7,35.023983778449136,12.12812601260357,2.887831454097043,0.5088605838605839,0.2771191158271418
1,8,35.851185497278884,13.467267063143302,2.6620980581423996,0.5439560439560439,0.2420414047562125
1,9,29.710222000689978,14.391250405126685,2.064464251841947,0.5540682311515644,0.20207871503918812
1,10,55.53958385077858,14.363413690321247,3.8667398327602163,0.45589965589965586,0.17299600528244125
1,11,31.244505224381093,13.340435341450693,2.3420903759639558,0.5491855787310332,0.14662152740799977
1,12,22.155037322262714,10.965449595677923,2.0204403958954145,0.5486625514403292,0.12806218854808404
1,13,37.148747760703614,14.234887076609215,2.609697397722704,0.5710478848636743,0.10585173670472633
1,14,33.90582187583777,14.416295497349893,2.3519094681480817,0.6078438586503102,0.09061779514272582
1,15,27.675332703394034,12.20530036902796,2.267484770274287,0.5876530279756086,0.07757628785473077
1,16,26.408521739439255,11.671037512799177,2.2627398558592624,0.497561553030303,0.0660796262555515
1,17,53.909192117462354,15.943940885429322,3.3811710984658947,0.5990424199983024,0.0557252882096261
1,18,32.943439297244616,15.100577522630969,2.1816012829888702,0.5664118867243867,0.05
1,19,36.38238740660823,12.725250137297735,2.859070510525477,0.565150179039068,0.05
1,20,36.02564945697192,14.544195378788682,2.4769778264607116,0.5595451873229651,0.05
1,21,37.02572529174871,12.567229924830757,2.9462121337170752,0.6018253968253968,0.05
1,22,60.962637048879344,12.253877107304376,4.974967229966776,0.5866753616753617,0.05
1,23,70.63297344588491,16.039518857819097,4.403684055114414,0.6009746832115253,0.05
1,24,42.18758767016365,13.793506880225236,3.0585106482706714,0.6021517697988287,0.05
1,25,50.92914575824641,15.1147714570061,3.369494927734378,0.5735766217909075,0.05
1,26,39.28012041794195,14.405664821197497,2.726713477335836,0.5712368513839102,0.05
1,27,23.264306013707643,12.997996755207867,1.7898378074595538,0.5590874179583857,0.05
1,28,42.77617559359942,13.297465894859378,3.216866727226284,0.544926948051948,0.05
1,29,34.92448176721012,14.132533929645108,2.471211598788437,0.46102823102823104,0.05
1,30,22.25839027464355,13.159693857525694,1.6914063895122107,0.5265823822642004,0.05
1,31,15.449695327692764,13.683261266903411,1.1290945211330534,0.5131331168831169,0.05
1,32,25.26200388184103,13.944245400353376,1.8116436678029804,0.5692287136731581,0.05
1,33,25.211240056853264,13.822185225614133,1.823969194837143,0.48956470879547803,0.05
1,34,40.923738605377046,14.451681825428361,2.8317630501226474,0.5507537436108865,0.05
1,35,19.772268552566835,11.166353961936483,1.7707005008050007,0.6146616161616162,0.05
1,36,27.65551060568602,14.743588564189723,1.8757652172183976,0.5347943722943722,0.05
1,37,15.793242273238688,10.993988133680737,1.436534411462129,0.5358730158730158,0.05
1,38,16.994625698557904,12.521380051937827,1.3572486122188896,0.5798868548868549,0.05
1,39,26.142890990188597,13.973454360780067,1.8708967958248781,0.5893298368298369,0.05
1,40,15.748893464694737,12.95857838618557,1.215325708990098,0.6862672882672882,0.05
1,41,21.499826739415905,13.518325324922436,1.5904208711251195,0.5804137618653749,0.05
1,42,18.280774996019357,13.913435377180665,1.3138936934297,0.5440348745904301,0.05
1,43,18.121334007212358,11.369451930195149,1.5938617022589687,0.5869897959183674,0.05
1,44,28.652640225445964,15.03557202224823,1.90565681059879,0.5998022810522811,0.05
1,45,20.046907093742238,14.961828297675336,1.3398701478787178,0.5470190756955463,0.05
1,46,31.04534860607998,13.113091948674796,2.3675078865909582,0.6096705266060105,0.05
1,47,19.108687027471653,13.651890793750571,1.3997099241534396,0.6187876937876938,0.05
1,48,18.25871442991545,14.495255773609268,1.2596338219266272,0.6136763121138121,0.05
1,49,22.512498867818465,12.697860130956636,1.7729364346150196,0.5619965892693165,0.05
1,50,22.989644645392453,14.645732320135245,1.5697162929699207,0.5406378600823045,0.05
1,51,27.62525207027854,14.242577956502174,1.9396244243596898,0.5806856833642547,0.05
1,52,28.192534553326425,16.172675008040695,1.7432202489266446,0.5473614769069315,0.05
1,53,25.80957734624129,16.74914742588023,1.5409487235368877,0.5460971898471899,0.05
1,54,23.435651136360793,14.174679837103232,1.6533460653563623,0.6656846240179574,0.05
1,55,33.1848686630361,15.471628801053159,2.14488526642891,0.5801229073956347,0.05
1,56,19.18432903021969,14.693200419642004,1.3056603382727907,0.5222527472527473,0.05
1,57,17.744295197286686,12.639514714357755,1.4038747213237701,0.5746354234990598,0.05
1,58,30.412447685067928,15.107910171393682,2.0130148604307214,0.569024531024531,0.05
1,59,18.234957050404088,15.147738828575552,1.2038071989995387,0.5488309016086794,0.05
1,60,23.47293237998293,14.118729600995977,1.6625385600080533,0.5854295854295855,0.05
1,61,35.05554428648067,15.508389525838808,2.2604245417020246,0.6003732378732378,0.05
1,62,26.540852282808995,15.819285220007965,1.6777529397624473,0.5914737436476567,0.05
1,63,23.36804803410459,13.135707531675921,1.778971401255245,0.5681101884226885,0.05
1,64,36.33506501979791,15.237388155275543,2.384599292839951,0.5977607768048944,0.05
1,65,25.91073757838956,13.753770454428858,1.8839006848515516,0.585629895897753,0.05
1,66,28.423793943518533,13.581646440419071,2.0928091500695474,0.554774918568022,0.05
1,67,20.176465757378427,13.28230127282876,1.5190489466349382,0.5576666666666666,0.05
1,68,27.981854454800242,12.625739704118892,2.216254659968297,0.6028660994178235,0.05
1,69,14.310363855550712,12.54993761264643,1.1402737047178881,0.5449076479076479,0.05
1,70,26.306813578159005,13.639031982251925,1.9287889061622039,0.5370969069244931,0.05
1,71,27.701422299001795,13.199070058970822,2.098740454837905,0.5904961605854463,0.05
1,72,19.811009898881974,12.385812284572689,1.5994921805457876,0.553517316017316,0.05
1,73,21.698172466097116,15.696436338214552,1.3823629770835775,0.6116845089067311,0.05
1,74,39.119980043864885,13.41123567494973,2.9169556774649346,0.6034786201452867,0.05
1,75,14.561442956910906,12.521047052018718,1.1629572907453634,0.5101780794962614,0.05
1,76,38.89037424638016,14.613399860943899,2.66128174254093,0.5269765490919337,0.05
1,77,23.591841844496997,14.325796560796457,1.646808381256629,0.5838898403184117,0.05
1,78,20.090850533995372,13.929456348066434,1.4423284033467831,0.6109864882592155,0.05
1,79,19.669173615569743,12.37599590532688,1.5893002685225301,0.5811550311550311,0.05
1,80,27.06932061251702,15.33563560018145,1.7651254449601514,0.6181818181818182,0.05
1,81,25.45335434773631,13.255205875379172,1.9202534149254171,0.6110252066773806,0.05
1,82,14.772188130224903,12.600425890834929,1.1723562567015795,0.49567500400833736,0.05
1,83,18.7612576063732,13.894640292965477,1.3502514070746814,0.5215408774232303,0.05
1,84,27.47134232785666,14.801191959893771,1.8560222988996236,0.5562034778946544,0.05
1,85,31.61359213880868,12.945174267123623,2.4421140640104433,0.5678801907968575,0.05
1,86,31.328507036635287,13.676005159614446,2.2907644937974343,0.557812018228685,0.05
1,87,24.38957940414144,15.158449000986023,1.6089759184831478,0.5683018904172751,0.05
1,88,16.22458870155041,14.491706309057102,1.1195775263131218,0.5122426680462395,0.05
1,89,27.16813701880711,14.567600937646297,1.8649698831739616,0.6468968788413233,0.05
1,90,23.2742137773123,15.331867749341747,1.5180286027650838,0.5287545787545788,0.05
1,91,16.474908058476924,14.890698885965834,1.1063891751920505,0.43504238816738816,0.05
1,92,17.398554455535997,12.29101798946958,1.4155503206034143,0.5770594140159357,0.05
1,93,31.084873157097707,15.732200076001439,1.9758757838654673,0.6022914585414585,0.05
1,94,37.83276740144697,13.469765407965122,2.8087176172404007,0.6150573870573871,0.05
1,95,25.540140268123793,13.301321757873287,1.920120476223059,0.5818669892199304,0.05
1,96,16.4016759355244,11.707254731154537,1.4009839464650404,0.5662457912457912,0.05
1,97,19.30631531050946,13.55188024010971,1.4246226330548775,0.6856842745731634,0.05
1,98,19.715658851116494,14.301046936321969,1.3786164704517143,0.576544487258773,0.05
1,99,19.642692857262514,13.31315497483847,1.4754348533001165,0.5161106135244066,0.05
1,100,21.950615864685975,13.846479726016396,1.5852849459955207,0.6205148555148555,0.05
1,101,14.712704953996356,13.160806536639857,1.1179181848039474,0.5945350656288156,0.05
1,102,24.16576856900735,15.105375668037782,1.5998124839848178,0.5185525202766582,0.05
1,103,24.905713339859616,13.90941416741487,1.7905652272692705,0.5622960758377425,0.05
1,104,23.89291674341091,13.823434936419469,1.72843557721404,0.5494864983501347,0.05
1,105,15.914051758432693,11.971906771917736,1.329282967334992,0.567939393939394,0.05
1,106,18.43003247170117,12.992290438786961,1.4185360586367797,0.6561209384485247,0.05
1,107,23.98125262513865,13.75973285821734,1.7428574284287066,0.5728194478194478,0.05
1,108,18.27364676325225,13.331296587790591,1.370732894802452,0.5221815486101201,0.05
1,109,38.75710839826759,13.86278672606473,2.7957660435904064,0.6154626623376623,0.05
1,110,17.87033341387953,15.133886374518926,1.1808158837486704,0.511372815218969,0.05
1,111,16.553794043005123,12.045911927658318,1.3742250601215478,0.5652545866831581,0.05
1,112,18.281785978476645,13.76953426344013,1.3276982088651406,0.5561672454529597,0.05
1,113,21.226087523638252,15.31232827186781,1.3862090171248056,0.5470238095238096,0.05
1,114,21.338196828227616,16.80718555986602,1.2695877458020828,0.5856721981721982,0.05
1,115,20.00725309849577,14.42404134243795,1.3870767993177524,0.6317070474328539,0.05
1,116,25.324355206246203,15.94562374549718,1.5881696201064224,0.579932184673564,0.05
1,117,52.88779520411918,14.778075378311224,3.578801288409924,0.6082279562542721,0.05
1,118,18.35561801425292,13.421967674561637,1.3675802579261103,0.6646981490731491,0.05
1,119,22.02566274639661,13.265731190792115,1.6603429113417325,0.575103071531643,0.05
1,120,21.057255349780007,15.555310426310566,1.3537020331116851,0.5056622121839512,0.05
1,121,18.521957091339612,13.438973941292126,1.3782270262783745,0.548032523032523,0.05
1,122,23.954752678191994,15.88727616618886,1.5077948181685326,0.5548490488006617,0.05
1,123,18.874765877774564,14.43148180927605,1.3078882769780804,0.5415346062667491,0.05
1,124,20.905686869566455,13.980361974741411,1.4953609146413491,0.5096380322186774,0.05
1,125,29.012947220057292,14.099383520081172,2.0577457999305673,0.5489706175051002,0.05
1,126,22.404579052385134,13.360599028516447,1.6769142614463242,0.5718958908475037,0.05
1,127,18.67465432472254,13.135133609325285,1.4217331075691892,0.5238596528919109,0.05
1,128,26.534198496156836,13.539164290541265,1.9598106594137545,0.5831585456585456,0.05
1,129,24.94578776553042,13.415599264956366,1.859461308649305,0.47828282828282825,0.05
1,130,18.222145925415656,12.5765270763576,1.4489012598455069,0.5032496392496393,0.05
1,131,26.68820983217657,15.649038793915318,1.7054216673393077,0.6192599067599067,0.05
1,132,29.137934942927355,16.6049179086252,1.7547774161407959,0.5432239057239058,0.05
1,133,27.42727001754024,17.07141360139836,1.6066197362410346,0.5072024593763724,0.05
1,134,19.97023439763468,13.782908400380972,1.448912944751391,0.5978784548784549,0.05
1,135,18.52063527633185,12.22325805926303,1.5151962910818642,0.595961038961039,0.05
1,136,22.55606179556813,13.487475447658571,1.672370925389441,0.4698010323010323,0.05
1,137,20.0362405439057,14.5157840828615,1.3803071490683092,0.5626641414141413,0.05
1,138,22.690534140861185,14.16967984895676,1.6013441646341624,0.6389055389055389,0.05
1,139,17.10462070097062,11.538009973892246,1.482458477646863,0.6088462043007498,0.05
1,140,25.89115904711514,13.117688754939989,1.9737592140509348,0.5838926225289861,0.05
1,141,16.482408879600058,12.75132464913523,1.2926036575123874,0.6669497169497169,0.05
1,142,17.966676691288605,14.891200180783157,1.2065297943193523,0.5701873609482305,0.05
1,143,28.996157926833817,16.058116048941365,1.8057011070576612,0.5983225108225109,0.05
1,144,22.434842828134634,17.155491518371086,1.3077353571659613,0.5925896900034832,0.05
1,145,20.887722523492172,14.924378529669255,1.399570674381379,0.46506443556443555,0.05
1,146,25.446403095072103,14.026384749378039,1.814181169969721,0.5839311151811152,0.05
1,147,15.406106019902976,13.06768072170224,1.1789472323361236,0.6388248400345174,0.05
1,148,18.4918766815493,13.21682281905228,1.3991166360263934,0.5636664261664261,0.05
1,149,28.610823467958568,15.802463557137823,1.8105293117436319,0.6044197737746124,0.05
1,150,20.478044905583246,15.24740201648545,1.3430514184280338,0.5699169110459433,0.05
1,151,18.865379200571315,12.778200883503668,1.4763720943631462,0.5378183782029936,0.05
1,152,16.055978420902886,13.603531059449924,1.1802802045097935,0.5413492063492064,0.05
1,153,27.963143536196885,17.090816606820827,1.6361502308226155,0.6227355977355977,0.05
1,154,22.922909044173835,14.959953254806104,1.5322848042195263,0.6145237478570812,0.05
1,155,28.390860847065515,16.328581612344923,1.7387218021191215,0.5804791874791875,0.05
1,156,19.632224387998114,14.71723427919166,1.3339615321443676,0.48728276228276235,0.05
1,157,14.756747359240336,12.920712560690612,1.1421001194729454,0.5636123136123136,0.05
1,158,16.32707647205976,13.964760225075603,1.1691626786933513,0.4977419086290054,0.05
1,159,17.654581645421025,12.752999853029497,1.3843473573966325,0.6233334720834721,0.05
1,160,28.142814157294527,15.969214655371811,1.762316730323848,0.5891037930323644,0.05
1,161,17.58815846288714,13.195921620616012,1.33284805476634,0.5350056689342404,0.05
1,162,16.951584777151467,13.036203980134976,1.3003466962455394,0.6336732711732711,0.05
1,163,22.10398622338049,12.807966232717058,1.725799851573421,0.6229542448292448,0.05
1,164,21.38086857833836,13.035253355354262,1.64023421681759,0.5177189708439708,0.05
1,165,27.572371586672148,12.214820157100823,2.257288378547558,0.5749090608465609,0.05
1,166,44.3014512236829,17.329846616241536,2.556367185740904,0.5485034678583066,0.05
1,167,22.44375807743079,15.383590658759562,1.4589414510097551,0.5559237059237059,0.05
1,168,24.928370248111445,14.827570307703569,1.6812174706168865,0.5612125721500721,0.05
1,169,23.697845020524436,13.950983414502078,1.6986505048734037,0.5728744209007367,0.05
1,170,24.230436511810495,14.468423537214155,1.6747115848169303,0.585150850611377,0.05
1,171,13.804964157368438,12.15674113888774,1.135580991620218,0.5478084415584416,0.05
1,172,36.339127511513276,14.982454013437199,2.4254456231884363,0.5588615237808786,0.05
1,173,17.316454570403735,13.607813922339771,1.2725375779849206,0.6090455551393051,0.05
1,174,18.218165017375124,13.023647682269827,1.3988527225116067,0.5327970177970178,0.05
1,175,18.84366137285364,13.299209917264424,1.416900815167348,0.5711554728796109,0.05
1,176,21.78008130785945,12.101665189258252,1.799759038714111,0.5701809684568305,0.05
1,177,16.097288373796236,12.841955226051878,1.253492018188976,0.5099880406332019,0.05
1,178,17.565561237110884,12.600724155600977,1.39401204408582,0.5787731208185753,0.05
1,179,19.873851445640906,14.146399798571176,1.4048699123891732,0.6168431766646052,0.05
1,180,21.12399501302547,15.034151735328738,1.4050673017611108,0.5425224466891133,0.05
1,181,17.605083048634935,14.731305946860003,1.1950795884724315,0.4743453033894211,0.05
1,182,13.624793851871374,12.710101900842512,1.0719657448984128,0.49714351305260396,0.05
1,183,14.990709768935396,14.385699483500128,1.0420563689745634,0.6192466537294123,0.05
1,184,31.94132001648812,13.496535363535575,2.3666310765047127,0.6076653505224934,0.05
1,185,17.184066357663216,15.166172073557673,1.1330523136832764,0.5886577809654733,0.05
1,186,18.88334398806242,13.509632232381698,1.3977689150412467,0.5089523809523809,0.05
1,187,18.825698934946836,13.838564239267477,1.3603794880344715,0.5817994248549804,0.05
1,188,29.251045203950873,15.590600900006823,1.8761974212256356,0.5494709380126046,0.05
1,189,16.814325714127698,13.584060847252818,1.2377981741393742,0.6516402116402117,0.05
1,190,19.131372940332014,14.015756879054969,1.3649903537440622,0.5485761997858772,0.05
1,191,25.97308528182341,13.598238184208224,1.910033118259851,0.5445897669581881,0.05
1,192,21.507070361111037,15.446108603418292,1.3923940918265605,0.5745988896724191,0.05
1,193,21.354894231753914,13.965551347721673,1.5291121488904003,0.6466598216598216,0.05
1,194,24.659199512891085,13.078534971933493,1.885471084170335,0.6059426684426684,0.05
1,195,28.166611876532134,14.901888671509589,1.8901370488952125,0.6347658613787646,0.05
1,196,16.052330193899177,13.980373123343913,1.1482047047153259,0.6524060955879137,0.05
1,197,20.890117539788395,14.166265938447985,1.4746382448667383,0.6079597821533305,0.05
1,198,14.762396485965155,13.143857947434027,1.1231402945013647,0.585037006004748,0.05
1,199,21.236534224219834,14.95979396682021,1.41957397751072,0.5623122413300985,0.05
1,200,24.10670548646642,12.73516184711503,1.8929249408736373,0.5835789210789211,0.05
1,201,23.126339156216346,12.157957490352382,1.9021566060391004,0.5869043590817784,0.05
1,202,21.620805168681702,14.253759303384147,1.516849324342699,0.5872417760810619,0.05
1,203,20.556043606366355,14.010624618495132,1.4671753876861957,0.5971305264783525,0.05
1,204,25.358727440218484,13.35101236227033,1.8993861103658098,0.5839582044939188,0.05
1,205,20.634966248887693,12.562997386058154,1.6425193458837655,0.6286840411840412,0.05
1,206,26.55347062742221,15.000584348718087,1.7701624156855866,0.6114505118537376,0.05
1,207,25.72818308016455,17.638506057202743,1.4586373129746075,0.65093594676928,0.05
1,208,23.95370270451532,12.644436204068795,1.8944065451338485,0.5327374732547147,0.05
1,209,25.551768008186354,15.229154609662238,1.6778192002840961,0.5566743691743692,0.05
1,210,17.008251043892106,13.238315185431217,1.2847745959855759,0.5301032301032301,0.05
1,211,18.30827913406598,13.00608767931348,1.4076699762055098,0.5427758907758907,0.05
1,212,26.171008857148443,14.489315512267044,1.806228102010158,0.49619502719502717,0.05
1,213,19.02684373558104,13.197003448318416,1.4417548506441795,0.6012433644786586,0.05
1,214,34.544258988548265,13.511165885828904,2.556719329808524,0.5542165396332064,0.05
1,215,62.390829265215174,14.541736890791364,4.290466106887446,0.5158064653600368,0.05
1,216,42.794015903247484,13.256045868694947,3.2282640183305684,0.5426046176046176,0.05
1,217,47.1605141625808,14.726477820653542,3.202429986105658,0.5450705672927895,0.05
1,218,32.90492472437902,14.705533649313264,2.237587938599947,0.5934805670519956,0.05
1,219,35.372800150802185,13.31697260357432,2.6562193378176664,0.4984527817861151,0.05
1,220,25.284913041849293,14.073900965079718,1.7965817085530469,0.5927254994328165,0.05
1,221,30.240333225374112,12.645117321228284,2.39146323890625,0.5586623625416729,0.05
1,222,25.942300497176927,13.251932793764725,1.957623910482194,0.5677755819060166,0.05
1,223,24.74070943484815,12.110764611195465,2.0428693174316406,0.5939071233426072,0.05
1,224,16.20987903275011,10.872088737280466,1.4909627233970528,0.6019617355824253,0.05
1,225,27.000012208701797,14.282870921473538,1.8903771067558073,0.6521119811560988,0.05
1,226,32.41748772371837,12.658057653770602,2.5610159639351773,0.5413265207015207,0.05
1,227,29.15577352160803,13.214547971176309,2.206339073058183,0.6072427572427572,0.05
1,228,27.066161296706756,14.179654355270392,1.9088026138413323,0.5591529997779998,0.05
1,229,31.210043313377582,15.527284425641566,2.010012984745594,0.5444833392414037,0.05
1,230,19.423504483039924,14.193762180419622,1.3684535668657858,0.5386961253032682,0.05
1,231,19.94749756695108,14.310519007203576,1.3939045506951901,0.5838352823646942,0.05
1,232,19.37880762516721,13.221723452200514,1.4656793946134126,0.5624675324675324,0.05
1,233,19.7100426387303,12.987119948373339,1.517660783690461,0.5367373367373367,0.05
1,234,16.096911470060657,14.506657474590057,1.1096223577523698,0.5147704725829726,0.05
1,235,17.39219922610108,13.650016930611395,1.2741522090787671,0.5857781900639043,0.05
1,236,20.92941302952755,11.697514967174179,1.7892187433194249,0.5659455279020497,0.05
1,237,17.07939915066993,14.289434419919061,1.195246687081032,0.5541684122329283,0.05
1,238,18.102814164661687,14.716829753654382,1.230075666273609,0.6058648912815578,0.05
1,239,20.795126855003186,13.933666133169343,1.4924375721548266,0.5364893353174603,0.05
1,240,19.28073580469706,14.190756715906218,1.3586827109146022,0.5655830280830281,0.05
1,241,22.739622769205912,13.351055095555594,1.7032079192584306,0.5362770661877805,0.05
1,242,23.76151083000799,13.316903633842504,1.7843119904857165,0.6079757660640014,0.05
1,243,18.509457698496508,14.475167601856995,1.2787042062381344,0.5326868444055944,0.05
1,244,22.063842284551804,13.585477817119338,1.6240755446046,0.5169576950826951,0.05
1,245,21.57250589809698,12.689542455408843,1.7000223588756604,0.5269529447161027,0.05
1,246,24.65504935863882,17.694561184600264,1.3933687928975786,0.619712358348722,0.05
1,247,20.50687424832773,15.202638734040146,1.3489022930217305,0.6148745104102247,0.05
1,248,19.650447035140015,13.382975690641219,1.4683167248732036,0.5854047572797573,0.05
1,249,20.3050170764173,13.078121209643415,1.552594348295609,0.5085322926232018,0.05
1,250,18.635945641596916,12.3634442341493,1.5073425567061824,0.6066462816462816,0.05
1,251,25.265068462646074,13.896891383316024,1.8180374132432355,0.5382828282828283,0.05
1,252,19.63289627842305,13.652249483607424,1.4380704294919844,0.5363408416979846,0.05
1,253,18.618284385873295,12.114759442494844,1.5368265853109795,0.5713486704866014,0.05
1,254,29.809449507652563,15.383183827192362,1.9377945321669596,0.5287879655067155,0.05
1,255,21.95718666819387,16.45087968472789,1.334712008657977,0.5589920367698146,0.05
1,256,16.959740321687615,12.087298243787464,1.4031043149286444,0.5014746538184038,0.05
1,257,21.250905535357035,16.53385073586241,1.28529680561729,0.6198069172207104,0.05
1,258,20.133061260655023,15.841230947534983,1.2709278292409392,0.48238031809460374,0.05
1,259,23.27326665331203,16.49958481968323,1.4105365018365867,0.5606809106809106,0.05
1,260,19.92881403268139,12.97465241305125,1.535980571829032,0.6269887652030509,0.05
1,261,20.75531495029876,13.60902234176616,1.5251143270299874,0.5428630756216963,0.05
1,262,26.075488827533825,12.63777765728476,2.06329700795956,0.5383020683020683,0.05
1,263,22.840688671733126,14.251531143402914,1.6026831392293006,0.5794626155737267,0.05
1,264,24.595212507919914,11.814053305056596,2.0818606343508526,0.5780054236950789,0.05
1,265,17.76343678478284,13.341848312318461,1.3314074908483218,0.5874126901904679,0.05
1,266,17.812515360792183,11.920761096970168,1.4942431289323874,0.49494348244348246,0.05
1,267,18.806442505888892,13.302434008638324,1.413759503988246,0.5164780160315875,0.05
1,268,16.443348568328236,13.812931931042309,1.1904314486176897,0.502991452991453,0.05
1,269,23.08674349824967,13.468071038596596,1.7141833772696942,0.6311279461279462,0.05
1,270,26.213817378417325,14.938981309602768,1.7547258969771318,0.5827562355340133,0.05
1,271,21.127679460472827,13.218269007988756,1.5983696085851968,0.5757936507936509,0.05
1,272,23.107552652202877,13.914981679648875,1.6606240082944876,0.5448813532146866,0.05
1,273,25.268711697165816,13.551456987308734,1.8646490721131,0.5842818471850729,0.05
1,274,29.125440820059072,14.798411831659697,1.9681463897192097,0.6346174658674658,0.05
1,275,37.58737170396575,14.146981974083767,2.6569180460414143,0.5783864151721294,0.05
1,276,16.915662333244224,14.384611645205327,1.1759554411663624,0.5161419870978694,0.05
1,277,24.96664541384074,14.509954729326783,1.7206563272991766,0.6204439717370751,0.05
1,278,18.15854449127005,13.083022995547719,1.3879471508572279,0.6028450044579077,0.05
1,279,23.931324001745907,14.026685952392945,1.7061281676206086,0.6087229079164562,0.05
1,280,18.53871472444163,14.704334109213335,1.2607653353595778,0.5735155790711346,0.05
1,281,15.829260077360821,12.31759814514889,1.2850930750322416,0.5825873946841689,0.05
1,282,29.724207857994,15.21166767732367,1.954040049290878,0.5606285527338158,0.05
1,283,18.784958783156764,14.409635797979517,1.303638693338158,0.3948445493900039,0.05
1,284,22.763794197117598,13.805402772269327,1.6489047492944455,0.5821712018140589,0.05
1,285,25.031236932152023,13.727020542856314,1.8235010907140037,0.5800221383554717,0.05
1,286,18.837302262506196,14.154640874297781,1.3308216315619328,0.6163979869337012,0.05
1,287,18.974773257136558,12.907674902457531,1.4700380510454205,0.5441777756293885,0.05
1,288,23.666127441685322,12.53394081503769,1.8881633311441608,0.4903313749742321,0.05
1,289,18.9218470075252,13.636251804155485,1.3876134937431264,0.527720119386786,0.05
1,290,19.780574629990692,12.60067469889408,1.5698028163306816,0.5681078643578644,0.05
1,291,21.59687188020085,12.205066513670062,1.7695005476628636,0.5731798563193912,0.05
1,292,19.360413686571718,13.370267299761819,1.4480199424970814,0.6067299268192125,0.05
1,293,31.845766319593913,11.973227504543848,2.659747867273751,0.5298736977308406,0.05
1,294,28.71005196979606,14.333172152617772,2.0030494062371624,0.6030333228862641,0.05
1,295,17.849486626229844,15.031663205609153,1.1874591907813103,0.5825987144168963,0.05
1,296,16.83575486470809,12.138743600608286,1.3869437743016857,0.5918064445842224,0.05
1,297,18.98468164200578,15.152358720398926,1.2529192314096664,0.5946622307733419,0.05
1,298,24.321032239394704,13.78381283969465,1.7644633253692295,0.5410599634283845,0.05
1,299,18.940806076863502,13.808019676648632,1.3717250207062754,0.5445144081507718,0.05
1,300,29.070232600390412,13.138072926783458,2.21267097255393,0.5906722757529209,0.05
1,301,21.152779627570553,14.830264010998262,1.4263252233327373,0.5451305638805639,0.05
1,302,27.31174364515944,13.790729300821102,1.9804422992722577,0.538054501054501,0.05
1,303,31.449991959013825,15.02521946704819,2.093146927270301,0.6029764317807796,0.05
1,304,19.385066960189583,13.127968259406762,1.4766235396935345,0.5530620966335252,0.05
1,305,17.846360782008468,13.447581946909743,1.3271055608707083,0.580546265328874,0.05
1,306,20.36765422069739,14.123716189338582,1.4420888913126209,0.5397311625572495,0.05
1,307,22.045580436425908,14.82707190634909,1.4868465315114432,0.5528091764202875,0.05
1,308,18.76261377219779,13.684268922362406,1.371108232280974,0.6705751713564213,0.05
1,309,16.448124132607152,13.058596911369877,1.2595628951749078,0.5212531155712974,0.05
1,310,20.420010914532288,11.873029202043458,1.719865298656708,0.5897034711320426,0.05
1,311,20.729928716558394,13.790868158524981,1.5031634323720189,0.6212540105397248,0.05
1,312,16.33277648850204,12.664914369209257,1.289608126227054,0.5610469777136443,0.05
1,313,25.847152019566337,13.301696269618864,1.9431470615218718,0.6185469548372774,0.05
1,314,16.48514627686765,13.300429298458045,1.239444675577413,0.6266877963306534,0.05
1,315,14.809428132781267,13.897435936721989,1.0656230545124852,0.6736111111111112,0.05
1,316,21.400541821417498,14.110603992619756,1.5166283337418147,0.6438689446753963,0.05
1,317,17.724750588392975,12.651188864857568,1.4010343832292893,0.5849848484848486,0.05
1,318,25.235506431209696,13.017098475303325,1.9386429686375757,0.5634875541125541,0.05
1,319,27.312585664421785,13.347161695084957,2.0463216291505293,0.5716316605205494,0.05
1,320,21.467948271005135,13.86660619118481,1.5481760983918764,0.5859731848013098,0.05
1,321,20.19319865083623,14.201476714191939,1.4219083731381676,0.5404130591630592,0.05
1,322,22.311782814192526,13.010582056722916,1.714895053650842,0.5188961038961039,0.05
1,323,28.07938918646776,12.33425492622949,2.2765371199483933,0.5087807747807748,0.05
1,324,21.790115410032676,12.83818676092265,1.6972891745396819,0.5063688048063049,0.05
1,325,17.735907837039946,13.055972693741491,1.3584516644663194,0.5663183081286529,0.05
1,326,23.561489198696087,14.005120676189087,1.682348174175631,0.49202741702741704,0.05
1,327,18.497205539776736,13.223824431167245,1.398778820458373,0.6001303260231833,0.05
1,328,19.80125889334843,14.140811386029045,1.4002915640973643,0.5327356902356902,0.05
1,329,22.318500811480348,14.316842769679806,1.5588982271109693,0.5381951381951382,0.05
1,330,16.5504850987161,12.312075910767161,1.3442481364367127,0.6192142513571085,0.05
1,331,19.725736526931794,13.497929297038327,1.4613898245310821,0.5911674532364187,0.05
1,332,28.191925533802838,13.315072339306543,2.1172942073006484,0.536914908008658,0.05
1,333,27.744816252680017,14.881090867116834,1.8644343012506241,0.5881842983405483,0.05
1,334,23.156556146738907,12.915902732557996,1.7928716734887296,0.5637637194455376,0.05
1,335,38.954578312378196,14.156475874825137,2.7517143854744406,0.6068221901555235,0.05
1,336,17.385692522628094,14.99781608025446,1.15921494366886,0.6138917981659917,0.05
1,337,17.150159678371903,11.664659946806335,1.4702665792728438,0.5859462234462234,0.05
1,338,19.61399664788495,15.972248784689752,1.2280047044274696,0.5896166094441957,0.05
1,339,19.625420826614643,16.213214520116328,1.2104583457071185,0.6132473885763359,0.05
1,340,30.071673695141538,16.903990763276557,1.7789688906167294,0.5137340026228915,0.05
1,341,19.455917638192766,14.27703373695942,1.3627422892352354,0.569788353409043,0.05
1,342,25.222316219292562,13.470897863764439,1.8723559835709565,0.441856591121297,0.05
1,343,19.954367754843652,12.545080138821163,1.5906130159419392,0.6412468941315095,0.05
1,344,21.877149929448002,12.69584196637362,1.7231744052416624,0.5622936747936748,0.05
1,345,24.437354403559908,14.556581636243479,1.6787838665854722,0.5778524157834503,0.05
1,346,16.113212438939723,12.931801698568378,1.2460145008814623,0.6241582491582491,0.05
1,347,37.948140236224056,15.106939630143067,2.511967424593771,0.5462137609864883,0.05
1,348,28.150357086187533,14.626542163041794,1.9246077967298099,0.562501743270974,0.05
1,349,21.514943018049607,14.48703664232611,1.4851169048051127,0.5586953450589814,0.05
1,350,28.345511638428395,12.582091800378441,2.2528457181957475,0.5727529415029415,0.05
1,351,18.16898064590262,15.906815349644983,1.142213588737492,0.6224467053414422,0.05
1,352,18.822650796618056,13.871619892842899,1.356918005396735,0.6166167982344453,0.05
1,353,22.738790060928363,14.744838523056492,1.5421525319095042,0.5500537212075673,0.05
1,354,26.253874135594142,12.266789064329851,2.1402401229786223,0.4934890779718366,0.05
1,355,26.952200281144233,15.12060010144482,1.7824821832679025,0.5489390950929413,0.05
1,356,19.60178073568592,13.45443826014992,1.4569007160814382,0.5651336510711511,0.05
1,357,24.161199708468228,15.586394836987791,1.5501467761570957,0.552893562376321,0.05
1,358,22.56465905649917,12.863097364370834,1.7542166103010652,0.5647772366522367,0.05
1,359,16.983478948885153,14.490649851719345,1.1720301796451198,0.5358762071262071,0.05
1,360,32.16083467884537,13.758515466797052,2.3375221517508917,0.4799777913059163,0.05
1,361,22.34202965117062,14.09717498946484,1.5848586449318647,0.6279280518863852,0.05
1,362,18.829964620840215,13.368625716558668,1.408519096881964,0.5156565656565657,0.05
1,363,15.133030712887185,14.07792301149259,1.0749476823060655,0.5275961586306414,0.05
1,364,21.638066556858703,15.805126630149923,1.3690536661428476,0.5177818161370793,0.05
1,365,24.060418966850566,14.244756880358237,1.6890719279334923,0.5432121449978593,0.05
1,366,16.453524496195552,13.882284013882403,1.1852173950440639,0.5191707717569787,0.05
1,367,20.855189343638312,13.558565591667191,1.5381560241487102,0.5626298432750045,0.05
1,368,24.762575140973894,12.389541559695896,1.9986675876312001,0.5097145215895216,0.05
1,369,23.165111513456132,13.132914573213874,1.7638972205533192,0.5661341991341992,0.05
1,370,20.349681065479597,12.892329485463526,1.5784332139839004,0.5350631856066638,0.05
1,371,20.25105597329228,13.426212128037681,1.5083223607798077,0.5287472030893084,0.05
1,372,31.172290848377486,13.554058866776993,2.299849156239493,0.5911656244989578,0.05
1,373,22.372635697362487,14.793953067837409,1.5122824572156721,0.5753468753468753,0.05
1,374,21.56880701753386,13.206202085992999,1.6332331488710565,0.4638415404040404,0.05
1,375,16.230783163054205,13.460228516788144,1.2058326604790188,0.6622997835497835,0.05
1,376,21.02163369425723,13.92804401718533,1.5093026463959593,0.5928398268398268,0.05
1,377,31.727098671686587,13.748571818764619,2.307665049862425,0.6076510175648108,0.05
1,378,18.05792978203161,13.111418786024926,1.3772674091745911,0.5866245791245792,0.05
1,379,14.831402015980334,12.93464975092731,1.1466411771155258,0.6290981240981242,0.05
1,380,20.185329115268704,13.48069527963449,1.4973507446431946,0.5119416958702673,0.05
1,381,17.911939399806087,13.403705335900186,1.336342373316067,0.4994312235383664,0.05
1,382,23.72209668846285,13.031421676921996,1.8203767230150731,0.4866129426129426,0.05
1,383,22.069592961022614,15.45300167381973,1.4281751485481702,0.47157864357864354,0.05
1,384,23.232201698166243,14.555172917493119,1.5961474198801615,0.603014606920857,0.05
1,385,22.93810949465727,13.230557806349244,1.7337220267197988,0.6826126771778945,0.05
1,386,22.03327032970854,17.477422145212667,1.2606704894259126,0.5793782408068122,0.05
1,387,22.945505414896196,12.191112448497075,1.8821502559206504,0.5823413063544642,0.05
1,388,17.94813028978894,10.322617347506647,1.738718939739075,0.5516187185830043,0.05
1,389,21.160101584980954,14.878364763694709,1.4222061309193441,0.5789005439005439,0.05
1,390,18.068288764498448,13.720811419622278,1.3168527874859353,0.5036060740606195,0.05
1,391,23.079968504279254,12.2836659437338,1.8789153506777767,0.5666085026085026,0.05
1,392,20.839571020636352,12.994322341420713,1.6037443487305312,0.5299182299182299,0.05
1,393,21.974369467662225,14.795834586405215,1.485172690958091,0.553081978081978,0.05
1,394,34.83586960934748,13.500261473085066,2.5803848080126723,0.604448161266343,0.05
1,395,15.186512929989494,12.107469931681443,1.254309365679378,0.5703446805719533,0.05
1,396,26.722034788111927,15.13371079313974,1.7657291825759807,0.5824209287444582,0.05
1,397,18.347156057665885,13.134805508379175,1.3968350004087657,0.6011056651681651,0.05
1,398,15.65311245641737,13.610606965753044,1.1500671862616907,0.5024844720496894,0.05
1,399,18.998199473037804,14.211955523323589,1.3367758885720824,0.5361792014569793,0.05
2,0,33.07623911279865,15.96755790390577,2.0714651114374845,0.3575648036174352,0.7439085971772499
2,1,35.85096179571324,15.085055198200566,2.3765880419177883,0.38321987152632314,0.6368469612545397
2,2,26.926519438253937,14.268997884768316,1.8870645055597848,0.38656646970600456,0.5133665328787315
2,3,30.100967009141744,12.268746065371861,2.453467277646307,0.41451000690131123,0.4574655663827259
2,4,31.111124179881198,12.619405076620007,2.4653400054112558,0.39373974240045667,0.3975618208237168
2,5,25.24828944797049,12.996254109476384,1.942735901844238,0.45841649091649095,0.34205590594554863
2,6,35.298481824144424,13.903455118688711,2.5388280483386465,0.48592815914244486,0.29726470970592683
2,7,36.049326364893815,16.689900060661262,2.159948605675804,0.5291015408202908,0.25321063252106574
2,8,44.90005848109432,17.050345427150774,2.6333811636212356,0.479941933066933,0.2114038269842907
2,9,35.843683671084484,12.246649116147394,2.9268155992012574,0.5062177174677175,0.18188851084755317
2,10,30.839605556692682,15.635849794832037,1.9723651711521168,0.5873541967291968,0.1518574749204002
2,11,26.669997143202146,15.434498682593253,1.7279470938230137,0.6193614718614718,0.13065577084559465
2,12,57.360778616055526,11.547530227216328,4.967363365792465,0.7166768127705627,0.11129282857379436
2,13,29.553867270743734,13.027512829318967,2.2685732616767424,0.611229953621258,0.09917404738550255
2,14,31.97402451267309,13.791356311962668,2.3184104441517994,0.6316896645021645,0.08447663798706397
2,15,50.18916241598648,14.496109973829425,3.4622503903871844,0.5810429880197322,0.0680971746606754
2,16,31.110450047931014,12.208746998057059,2.5482099066253103,0.6200315967557347,0.05888415335889361
2,17,27.321524746551848,12.748489186186994,2.1431186352775637,0.6319060166886254,0.0524722023000607
2,18,20.784410269782725,13.74511223316976,1.5121309973465116,0.5962273837273837,0.05
2,19,29.065803833638455,13.388024912873659,2.171030007995381,0.5559512503956948,0.05
2,20,48.39903845761168,14.868558804342465,3.2551264110060494,0.5571097949669378,0.05
2,21,17.78083651860956,12.219689317268346,1.4550972661377273,0.6197460317460317,0.05
2,22,25.218126849866234,13.342033587769889,1.890126170345028,0.5887949039264829,0.05
2,23,20.59522944374681,13.05824567573669,1.577181955001388,0.6454034391534391,0.05
2,24,24.066736760790416,13.745181718814603,1.750921686822628,0.6535362625879867,0.05
2,25,24.071216231092066,13.678595451861362,1.7597725085009728,0.5466149013024013,0.05
2,26,25.443037034873907,14.880441515195336,1.709830787540306,0.6461159066627816,0.05
2,27,18.843756584926705,12.993105271389268,1.4502889179556278,0.6694506448412698,0.05
2,28,26.1240361124995,16.16385538340626,1.616200806851954,0.6775573192239859,0.05
2,29,19.449612572737134,14.725595910492574,1.3208030894612903,0.689095537079408,0.05
2,30,24.199680685921432,12.75688253541058,1.8969901634469009,0.7267321963750535,0.05
2,31,27.36801653264712,14.424417378309244,1.8973394775585075,0.7157235861781316,0.05
2,32,18.71649133677724,13.38873608370853,1.3979281703484725,0.690607265997891,0.05
2,33,32.25832001846613,15.516791900734505,2.0789297314053137,0.7202451252451252,0.05
2,34,32.250941218079326,14.914217295335918,2.1624293504269296,0.7130521807941163,0.05
2,35,46.06686497324086,14.951238742445593,3.081140350094205,0.7431074749623137,0.05
2,36,23.709579341304053,14.56745685688925,1.627571619001659,0.7639576569264069,0.05
2,37,23.900383125259783,13.433306563646765,1.7791883935664088,0.7494792646966559,0.05
2,38,32.05315093374982,16.09210254865129,1.9918559950039751,0.7462490287490288,0.05
2,39,15.618113570976458,15.65646350236081,0.9975505367876616,0.7866497218059718,0.05
2,40,27.596010145139353,14.562909131403279,1.8949517501027082,0.6865258304913477,0.05
2,41,38.514005440681856,15.14463030749051,2.543079933858332,0.7511667194594024,0.05
2,42,13.746284065440829,13.216672589047917,1.0400714682780126,0.7664002267573696,0.05
2,43,33.81108620682863,13.233269507584039,2.555006242973542,0.6522207367795604,0.05
2,44,31.314108288884174,16.045829448198354,1.9515418875650683,0.6796590695629158,0.05
2,45,15.929389489645464,14.109884055614822,1.1289525432568381,0.7821299732014018,0.05
2,46,16.890802502411947,14.284158742876782,1.1824849335866592,0.7393069003645927,0.05
2,47,15.75217900664935,15.931395255155858,0.9887507499728557,0.8013273763273764,0.05
2,48,16.87950230553054,16.188664844809697,1.0426741468393754,0.7978584546766365,0.05
2,49,26.80851026875763,15.159416624465521,1.7684394414948552,0.7371742314924132,0.05
2,50,24.92728433369835,14.652773204947696,1.701199082592866,0.7112776451191085,0.05
2,51,20.17397015320478,13.6423185188509,1.478778707983432,0.7494859307359307,0.05
2,52,15.491913204028364,12.374066370722254,1.2519662283922377,0.7290878711931343,0.05
2,53,14.442066911951077,13.289745591966787,1.0867075529783528,0.7417001649144507,0.05
2,54,26.171438154842864,15.022691123239014,1.7421271555239226,0.7627018252018252,0.05
2,55,13.312851626270927,14.015081093284754,0.9498947268060906,0.744064707222602,0.05
2,56,16.136052172238887,12.685440781741724,1.272013519267195,0.7881493506493507,0.05
2,57,15.197022285267698,13.754424705475524,1.1048824367927135,0.7721946403764586,0.05
2,58,14.958778493471797,12.946398787053841,1.1554393418214723,0.6747262594036788,0.05
2,59,29.955043661926776,14.086419886807926,2.126519293236458,0.7418374023637181,0.05
2,60,15.484707730285479,12.065266571346022,1.2834119858619897,0.7665220581887249,0.05
2,61,16.441350053826177,12.249430801563054,1.3422133909869693,0.778868098275993,0.05
2,62,15.114063322525537,11.808267418830004,1.2799560499810463,0.7419619652378273,0.05
2,63,16.45066236006135,15.913781285172728,1.0337368639965443,0.8223900231712732,0.05
2,64,19.943566412984264,13.581452291484842,1.4684413702567194,0.77512738997114,0.05
2,65,19.526495980561695,12.05760095751305,1.619434583161819,0.7359478715728716,0.05
2,66,14.910657830979783,13.856502153174981,1.076076607656952,0.7912770562770562,0.05
2,67,15.857101169855982,14.652574002083378,1.0822058409397104,0.7238860466133193,0.05
2,68,13.722656456100749,12.049371451612139,1.1388690697442756,0.7781188508461235,0.05
2,69,22.12675973708412,12.612797872407677,1.754310182476611,0.7264480617421794,0.05
2,70,21.101219072046895,13.134724087488502,1.6065216849242299,0.7484772843643811,0.05
2,71,17.699805504234217,12.294885579394148,1.4396071756778728,0.6627197904975682,0.05
2,72,17.412702563599943,12.342005421202096,1.4108487210422864,0.6097026815776816,0.05
2,73,18.83515458858399,13.716349984617771,1.3731899965885028,0.6409632034632035,0.05
2,74,19.655304235416235,13.999430919284238,1.4040073734955199,0.6692905950258892,0.05
2,75,19.655216701615682,13.801762454235526,1.4241091865469566,0.7516228516228516,0.05
2,76,16.37324854621901,13.193920632260053,1.2409691556113562,0.7312755345013409,0.05
2,77,21.475287515934017,14.80085727200237,1.450948895815457,0.75520561310035,0.05
2,78,29.933960353169052,13.919830236129474,2.150454412545511,0.712258383379073,0.05
2,79,18.898563242046553,13.854755195372267,1.36404887531748,0.7653556039919677,0.05
2,80,15.583337066879247,14.240111217112497,1.0943269212780151,0.770741614707132,0.05
2,81,19.075954907209315,16.168276549565025,1.1798384848707029,0.7313299603622184,0.05
2,82,14.554259233853998,13.689292334949258,1.0631856547249303,0.7395191409897292,0.05
2,83,17.915712563184034,15.408655247031215,1.16270448497677,0.7655818718318718,0.05
2,84,17.42669420595522,16.448074727471028,1.0594975092647003,0.8167708753235069,0.05
2,85,19.162012118727898,13.279156563615645,1.4430142476993637,0.7625043875043875,0.05
2,86,18.975609285417235,13.564173431210522,1.3989506534733076,0.7030291756854257,0.05
2,87,20.256953176075786,12.826651902390347,1.5792861091288166,0.7457159371793518,0.05
2,88,16.056073771717585,17.17284547982639,0.9349687441478048,0.8252471053252303,0.05
2,89,23.062717008277836,13.391418820521721,1.7222011586207209,0.7982063635289441,0.05
2,90,19.53390342921742,15.715542382254249,1.2429671820474237,0.8129161990273102,0.05
2,91,28.35117023481894,15.687812797093676,1.80720987696075,0.7678079496261314,0.05
2,92,20.034528925618186,15.05957341984674,1.330351688396103,0.8184433621933622,0.05
2,93,25.082096225407597,16.493774461592913,1.5207008125285868,0.7797338345415269,0.05
2,94,11.319823221999986,10.802364168284237,1.0479023892968735,0.8061343246125855,0.05
2,95,14.356240061150807,14.259583660844191,1.006778346591705,0.7633433906161179,0.05
2,96,17.022404573861042,14.393199567895179,1.182669947259708,0.7841921966921966,0.05
2,97,14.41939670679446,13.463270283749887,1.0710173979199253,0.7766985184953935,0.05
2,98,24.510095981466137,14.125953718048272,1.7351108796392545,0.6754772109610819,0.05
2,99,12.55267698746262,12.38032011023227,1.0139218433526527,0.7519012733298448,0.05
2,100,14.291977381181827,13.800654592737393,1.0356014118854182,0.8022640195053988,0.05
2,101,27.949912087048787,15.922574184973472,1.755363910530611,0.7446935178642496,0.05
2,102,21.462735413944305,14.692530501592554,1.4607922992991518,0.7883477633477634,0.05
2,103,16.174555669195186,15.254706990939427,1.0602993344154106,0.8069588565556308,0.05
2,104,16.448232024248817,13.528752704662812,1.2157981140848098,0.7548870573870574,0.05
2,105,16.662064823229272,16.2976706932891,1.0223586631978163,0.7947420634920634,0.05
2,106,17.352311382437602,16.53936965283939,1.0491519173137684,0.8089814032121724,0.05
2,107,16.68157184361262,14.172473650991316,1.1770402439552816,0.790360932171277,0.05
2,108,29.506357271188612,15.877041452374158,1.858429189071394,0.7873465076590077,0.05
2,109,24.477952492148265,12.227658169036404,2.0018512256200274,0.6519918353251687,0.05
2,110,17.83913897210821,12.637629968421313,1.411588962225064,0.6656072559918714,0.05
2,111,17.084404292490525,10.685341660483337,1.5988636428606005,0.5680434727309728,0.05
2,112,16.6108013284679,11.59545942712326,1.4325263636913874,0.6803456644365735,0.05
2,113,17.97851653755508,12.062571010719958,1.4904381927847425,0.6585532523032522,0.05
2,114,16.182415262506353,11.27884737492982,1.4347578901081677,0.6179994248176066,0.05
2,115,26.30252986250029,13.581177166778657,1.9366899893508298,0.6758395925062592,0.05
2,116,16.985257564376845,14.757632350028437,1.1509473309479834,0.5882275132275132,0.05
2,117,15.773245557572961,13.488342502041952,1.1693983567799457,0.6582831207831208,0.05
2,118,18.87817908133642,13.06577041164437,1.4448577073198807,0.6478936522414783,0.05
2,119,27.38544455995719,13.75572511974183,1.9908397646485658,0.5838620268620268,0.05
2,120,16.960398287088015,14.346342234768546,1.1822106296881911,0.734001389556945,0.05
2,121,15.710676930492866,13.155137078350068,1.1942617425361954,0.6175856307435255,0.05
2,122,22.983602544695106,14.488455616127366,1.5863390242305493,0.6828877993351677,0.05
2,123,28.278494722849633,11.649190963494036,2.4275071815260065,0.7096576362705395,0.05
2,124,21.904102801856308,14.798353775314505,1.4801715876258532,0.7474037247474747,0.05
2,125,14.597150087758678,11.69814644136309,1.2478173496054978,0.6354550798995243,0.05
2,126,21.399661736949717,12.498723699185167,1.712147756202086,0.6825094065478681,0.05
2,127,19.840964784395513,13.42793257257203,1.477588949539617,0.6388601263601263,0.05
2,128,20.12696789452009,13.339043895295474,1.5088763521963249,0.7326227476227476,0.05
2,129,16.547288769234793,13.31605892418827,1.2426566196081543,0.7751585798460798,0.05
2,130,18.391571113937434,14.82580687985891,1.2405106354732485,0.7239185417756846,0.05
2,131,18.27443210311785,13.018435292032216,1.403734910777066,0.7203415103415104,0.05
2,132,15.477754722922805,12.518761262929509,1.2363647167516048,0.585450781102955,0.05
2,133,17.446886051849898,14.736332287501664,1.1839367972617676,0.6809993769671189,0.05
2,134,14.753001118574584,14.048684631609035,1.0501339808981733,0.7924192870621442,0.05
2,135,15.151854464186647,13.813813719502456,1.0968625154395368,0.7360935135325379,0.05
2,136,18.745145400949113,14.158903506854687,1.3239122218661996,0.7562686387686387,0.05
2,137,12.298048594296187,12.87240038880394,0.9553811428203158,0.7712678022460631,0.05
2,138,15.162163328041542,13.449240333824632,1.127362062964176,0.7132734912146677,0.05
2,139,22.927504639746626,13.123656965342057,1.7470362643808284,0.7787946428571428,0.05
2,140,14.630735114657734,12.900519823939149,1.1341198117852485,0.7939344544344544,0.05
2,141,28.172835242073102,13.893071427551455,2.027833470013214,0.7210475551384642,0.05
2,142,17.00740557175964,13.387950475899453,1.2703516944117632,0.7868844696969697,0.05
2,143,18.653509745937573,14.754118964537616,1.2642916727709983,0.7666631111943611,0.05
2,144,21.974930328175915,14.627199863647347,1.5023333606584346,0.7714024611751885,0.05
2,145,18.879226340214675,12.249789319640099,1.5411878398549756,0.7856555944055944,0.05
2,146,15.781959829637799,14.590939612039595,1.0816273831066674,0.7590232683982684,0.05
2,147,19.54799753484234,15.239224918016271,1.2827422418138936,0.7550868249397661,0.05
2,148,17.758060206036486,15.541063034519427,1.1426541522026337,0.7862784246404936,0.05
2,149,15.991400650499184,14.14347629730991,1.1306555979834143,0.7629086786229643,0.05
2,150,24.074993027069755,17.272713854168256,1.3938164685834804,0.7549580627705628,0.05
2,151,13.775595581989622,15.546495759842454,0.8860900742386477,0.8134076393691778,0.05
2,152,27.040342312890314,17.121145196679137,1.5793536006069926,0.7902750027750027,0.05
2,153,21.200787729640698,13.115458318079996,1.616473265018491,0.7996233341821577,0.05
2,154,16.089236243537933,13.320852485866611,1.2078233176599298,0.7648534996749283,0.05
2,155,17.532768773039887,15.097444109950946,1.161307082533512,0.7200592885375494,0.05
2,156,13.355217494589416,12.184306226022072,1.096099954059479,0.7791765526140525,0.05
2,157,14.581116783419725,11.05882881876053,1.3185046104234728,0.7688225108225109,0.05
2,158,15.615545676847313,13.827879137158249,1.129279878856133,0.7464936353329211,0.05
2,159,16.946672540306984,13.548165333304947,1.2508463045286002,0.7705902563045419,0.05
2,160,23.573832262171916,13.849677844132623,1.702121343722006,0.6705003330003331,0.05
2,161,21.4671348620131,13.737810886807727,1.5626314147785918,0.7590065192743765,0.05
2,162,16.79663823834802,12.772617072826039,1.3150506386105596,0.6645809951365507,0.05
2,163,19.510204312574807,14.265141481555535,1.367683898389722,0.7717777592777593,0.05
2,164,19.238570749415654,15.438496442646498,1.246142771796872,0.7401412079983508,0.05
2,165,13.92148443562897,12.236210703451809,1.1377284008113517,0.5913074847857456,0.05
2,166,18.722941880360118,17.502333761731954,1.0697397350116227,0.7630646289737198,0.05
2,167,12.758946649736247,12.866511723025882,0.9916399195364555,0.7115131663208587,0.05
2,168,17.55830261244397,16.422307403331455,1.0691739096834874,0.7894704184704184,0.05
2,169,19.96596396916815,14.363501466640876,1.3900485209361346,0.7087481962481963,0.05
2,170,16.023376055943412,11.623282974359164,1.3785585441988126,0.7209068709068709,0.05
2,171,17.7279102885059,12.29899275189812,1.4414115567122296,0.7355269730269731,0.05
2,172,18.026369642453048,15.598901283842151,1.1556179063153216,0.7645083843359706,0.05
2,173,19.189708697319197,16.432216843607442,1.1678100940339338,0.7454126518642648,0.05
2,174,17.212341475247374,14.111034434068296,1.219778858571246,0.7819419184803801,0.05
2,175,23.771976321180162,13.698650688712055,1.7353516679397276,0.7764508928571429,0.05
2,176,18.179944618983235,14.348691759715598,1.2670106044109193,0.7612456524956525,0.05
2,177,18.017887061957847,12.1730835721123,1.480141572611527,0.6873692399554469,0.05
2,178,17.53795486102589,16.022590077370676,1.094576767946864,0.7832445887445887,0.05
2,179,19.384201517959795,13.791120139994785,1.4055567148418102,0.7497573662896244,0.05
2,180,26.019861911099568,14.363757347791013,1.8114941154377782,0.6199401546962522,0.05
2,181,64.50998151255497,13.807199976849637,4.67219868045064,0.5237071817071817,0.05
2,182,26.6154956043246,16.766671579484317,1.5874048393058104,0.5377455877455878,0.05
2,183,34.535158555264076,13.162028894575734,2.6238476477966497,0.6116468922024478,0.05
2,184,24.393503711318274,13.493145754045837,1.807844082911802,0.5849214887676426,0.05
2,185,22.832556807776673,13.645609208156088,1.6732530193030497,0.5561662543805401,0.05
2,186,16.700520233276563,15.083453198758825,1.107208012197817,0.563510101010101,0.05
2,187,20.060525632865627,14.30961693510087,1.4018911703819288,0.7582871806556017,0.05
2,188,21.841515249106834,14.231689798784869,1.534709901488417,0.5874317151102865,0.05
2,189,17.526048183849863,13.712609354930308,1.2780972410293632,0.639329304954305,0.05
2,190,26.171107919180912,14.497090719151627,1.8052662031428917,0.6117942242942243,0.05
2,191,19.53439390543734,13.590985015870729,1.4373052345084818,0.681498792213078,0.05
2,192,14.273669493430138,12.825272542230627,1.1129330348677018,0.7163074105381798,0.05
2,193,19.087026007044567,13.222519536252385,1.443524129778245,0.6393608706108705,0.05
2,194,14.358539786696497,12.329917171343254,1.164528486863488,0.7095697232060868,0.05
2,195,15.598299981999896,14.421487337755067,1.0816013367195465,0.6522914089878376,0.05
2,196,18.926616775990055,13.555999757624843,1.3961800763049146,0.6593302530802531,0.05
2,197,16.46479440252526,14.18209956687628,1.1609560576616205,0.6503747363747364,0.05
2,198,26.080222301912755,13.705431742743924,1.9029113997609324,0.7423636847023943,0.05
2,199,15.70613594691949,16.36609153979665,0.9596754306749186,0.806746510194786,0.05
2,200,24.83336396627571,14.469679240333702,1.7162345863931534,0.6936260241815797,0.05
2,201,13.500767371391264,12.946710053322644,1.0427952210087865,0.7865271512998786,0.05
2,202,16.040715385372405,12.455964331029277,1.287793940242193,0.7539659992784993,0.05
2,203,20.290383190074383,12.957996354082123,1.5658580721611608,0.7729851424295868,0.05
2,204,21.172172607006832,14.368961262941335,1.4734657724780362,0.7639591063698206,0.05
2,205,13.714833182838602,12.968862295915208,1.0575201486377375,0.7526219992129083,0.05
2,206,14.41504060066889,13.121250813702206,1.098602626025227,0.7504796643685532,0.05
2,207,16.024983071865083,14.563962665877142,1.1003175055791006,0.7839563792688793,0.05
2,208,13.368609335160041,13.798977978181311,0.9688115566455893,0.7941537220948985,0.05
2,209,16.81076789601557,13.027739644586179,1.2903825494395316,0.7513675718221172,0.05
2,210,18.83980333924835,14.7397601519555,1.2781621373091951,0.7964572964572965,0.05
2,211,22.40465924804574,12.615902611124403,1.775906166895252,0.7739046370296371,0.05
2,212,17.60685384695216,12.610553422287373,1.3961999332903607,0.7534002034002033,0.05
2,213,19.864742368413076,14.226548170247227,1.3963149831353552,0.7858288378288378,0.05
2,214,17.48482850924274,15.281429092895948,1.1441880470047863,0.8015156299639059,0.05
2,215,23.493560117010087,15.032779148032942,1.5628221425766273,0.7982498982498983,0.05
2,216,19.475427179098848,11.173837643147623,1.7429488239469981,0.6953254087182659,0.05
2,217,16.218319013537755,12.263312723028784,1.3225071707648801,0.7524402185116471,0.05
2,218,14.745497138762696,13.894715769892025,1.0612305701649687,0.7890345251456362,0.05
2,219,14.62155658054495,15.103570663984534,0.9680860841344637,0.7925715395715396,0.05
2,220,16.77614720101066,14.093902330168268,1.190312434981261,0.7730388658960088,0.05
2,221,15.085407999888151,13.76710892495309,1.0957571471338927,0.8001690182245738,0.05
2,222,14.196763206246601,15.088952532778093,0.9408713544168578,0.7836337769373484,0.05
2,223,16.294443632625732,14.510394259460352,1.122949751830639,0.7713733713733714,0.05
2,224,19.19193369212318,15.923525198352541,1.2052565906768427,0.7727766798418972,0.05
2,225,22.373778507815917,13.950509315152846,1.603796535479449,0.761851195942105,0.05
2,226,15.156964372270151,13.28419662532501,1.1409771173798267,0.823662086705565,0.05
2,227,22.209449878342152,15.830140861118247,1.4029849811944926,0.7585876623376624,0.05
2,228,15.08231769097996,12.376589134707539,1.2186166581780415,0.7266646547896547,0.05
2,229,24.086572960877724,13.434385044568337,1.7929047649721919,0.7705627705627706,0.05
2,230,17.595226875063872,16.751998976887503,1.0503359568813107,0.7609616945554446,0.05
2,231,13.06725073045082,12.885598893082834,1.0140972754836797,0.8006186714520047,0.05
2,232,17.684155291753775,12.254024725390464,1.443130374554576,0.7306566449423592,0.05
2,233,14.217870732539655,13.138084945650327,1.0821874566465501,0.7353722943722945,0.05
2,234,14.259729970073566,13.415915955134205,1.0628964893460322,0.7461832285361697,0.05
2,235,16.97979496764103,16.059701250808985,1.0572920817431581,0.7797392290249433,0.05
2,236,18.79225613092578,13.728519169640478,1.3688480089304425,0.7654613404613404,0.05
2,237,20.61733162168412,13.937946760655707,1.4792230143885399,0.7148651695526695,0.05
2,238,17.247815107176038,14.34585030666446,1.2022860087396459,0.8144967532467533,0.05
2,239,17.40710123348669,13.795390716962254,1.2618055980164173,0.7710996873496874,0.05
2,240,23.270966536162707,13.192972926400323,1.763891024864867,0.7643700662083015,0.05
2,241,15.867782139430302,12.466413249605093,1.272842622951951,0.8395454545454546,0.05
2,242,15.436874190470466,13.545608185936517,1.1396220810888005,0.7834012775419026,0.05
2,243,13.35234983263021,12.158139759759841,1.0982230913994657,0.8034380602562421,0.05
2,244,16.6399935517647,13.77752645636381,1.207763498365755,0.8029011311269376,0.05
2,245,14.287214703576982,14.13427291615255,1.010820633528991,0.7888465007215008,0.05
2,246,24.736130259164007,14.779989940453886,1.6736229428316087,0.7485210028067171,0.05
2,247,16.996395163075288,17.06297016190846,0.9960982760796362,0.8232824054252625,0.05
2,248,16.591449504611635,14.046219373828777,1.181203928476668,0.7385625225468976,0.05
2,249,24.157248088141955,14.3218351441663,1.6867425050610154,0.7447809865573024,0.05
2,250,30.35914322134143,15.710323608237587,1.9324327097516214,0.757596311956777,0.05
2,251,19.23214408889172,12.161876228591943,1.581346802697921,0.7607311958874459,0.05
2,252,17.440357068773718,12.80209992843435,1.362304400548966,0.7646466278819221,0.05
2,253,26.64138912632919,13.067952594112239,2.0386811885384755,0.7566760680397043,0.05
2,254,27.599683899332256,13.953378216956436,1.9779929612882237,0.7675355894105894,0.05
2,255,20.695495928448643,13.135630179488096,1.575523644138949,0.690238233988234,0.05
2,256,26.530976661296283,14.547657350415607,1.823728454845572,0.7519191278806664,0.05
2,257,17.77971531718195,14.714238867510105,1.208334014234375,0.829960804960805,0.05
2,258,18.644153195654773,13.37433089977207,1.3940251168731375,0.8179462372644191,0.05
2,259,23.30531794820362,13.51439061994825,1.7244815991779332,0.7542585463317171,0.05
2,260,13.210616564243807,12.353975653928794,1.0693413144328632,0.7839674944938103,0.05
2,261,22.01341156313363,12.953888982325342,1.6993670080984453,0.7853382728382728,0.05
2,262,20.926927990452334,14.574417602777409,1.4358671859700483,0.7835734189182465,0.05
2,263,16.046624479188367,13.448265345954075,1.19321147124867,0.7506824194324194,0.05
2,264,23.083147918177797,13.516291103672785,1.707801921483136,0.7415159245516388,0.05
2,265,20.595714563580778,16.35310041156638,1.2594379075061288,0.7554044304044304,0.05
2,266,20.615612327500802,13.26858807131667,1.5537156038528728,0.8061967794110652,0.05
2,267,37.09627787562937,15.101671256360897,2.456435267719408,0.7608547597183961,0.05
2,268,12.859555572692114,13.099399585907644,0.9816904575173389,0.8158060046948935,0.05
2,269,17.511775736166317,15.099911462508235,1.1597270473834587,0.8053787558595251,0.05
2,270,22.692714690718667,11.549724962874436,1.9647839895462775,0.8215780251494538,0.05
2,271,21.960633807888357,13.465085252160781,1.6309316574408075,0.8068265993265994,0.05
2,272,15.695185166672937,15.435367720968648,1.0168326048592502,0.7659036796536796,0.05
2,273,22.27436809014045,14.869780131943394,1.497962168404256,0.7554609919994536,0.05
2,274,21.49870725414646,13.782835690395236,1.5598174234296458,0.8035742035742035,0.05
2,275,26.011570180810686,14.70815936838176,1.7685129409685314,0.7486038762824477,0.05
2,276,21.315987072418373,14.137837858540758,1.507726095439781,0.7980549832112332,0.05
2,277,14.56724212103279,12.880735246689229,1.1309325005167736,0.7959516594516595,0.05
2,278,16.971996542248228,15.436869149149851,1.0994455143893553,0.7528918892555256,0.05
2,279,24.37616328383524,15.576925498376086,1.5648892515006563,0.776959151959152,0.05
2,280,13.973371208465792,14.008762772359347,0.9974736124475327,0.8129398379398379,0.05
2,281,22.042450269442647,14.956194414052192,1.473800731604058,0.7684436354890901,0.05
2,282,18.55469647218921,12.75062276987658,1.4551992327798127,0.7831420893920894,0.05
2,283,20.86491175133669,11.704432821466177,1.7826503914884284,0.7815615807803308,0.05
2,284,17.694141364341448,13.940382214085716,1.2692723264404357,0.7406785522170137,0.05
2,285,27.925315650448304,14.408893419870966,1.9380610874626334,0.7948076827387173,0.05
2,286,17.574473901196576,13.684123311033801,1.2842966627628898,0.7602182539682539,0.05
2,287,21.22761092887748,14.867342350546815,1.4278013129963834,0.698979538979539,0.05
2,288,18.704775040418404,14.276000010273668,1.310225205026449,0.7705340553166641,0.05
2,289,23.4864580186191,14.234256572443584,1.6499954106550994,0.7476590869448012,0.05
2,290,35.07977323487376,15.368147466105965,2.282628619502855,0.715459411389644,0.05
2,291,16.851774721350925,13.66907258885421,1.2328396540297764,0.7342692801026135,0.05
2,292,13.456085058213304,13.76060036523256,0.9778704926429923,0.7613080206830207,0.05
2,293,23.12137939476254,14.956447061389538,1.54591389919408,0.6505541125541126,0.05
2,294,22.62923303609476,15.08762633440666,1.4998537566170898,0.8162698412698413,0.05
2,295,30.024550884604643,15.436188761919206,1.9450753905442422,0.7006873243715349,0.05
2,296,26.214041315708865,15.581979973861545,1.682330574142849,0.7552219148372995,0.05
2,297,17.475337736790262,14.908920252954696,1.1721397284506199,0.7910808767951626,0.05
2,298,27.62921876752439,14.611070839603784,1.8909783595487397,0.6771050271050271,0.05
2,299,13.347241367380784,10.561796406055741,1.263728333158171,0.7084821428571428,0.05
2,300,22.004272099526347,16.210843971437292,1.3573797970233252,0.7646950826950827,0.05
2,301,18.316423925361924,15.134182514699736,1.2102684705679543,0.6543165168165168,0.05
2,302,16.806433107620713,14.06378151513838,1.1950152304008788,0.7889528482270417,0.05
2,303,13.040449814452288,11.03701292406497,1.1815198463724772,0.6929330903015113,0.05
2,304,27.245677879059446,14.569009244354035,1.8701119219632614,0.6324151774151774,0.05
2,305,14.204986522571797,14.591669300846988,0.9734997572722714,0.7320261437908497,0.05
2,306,15.099525981492274,13.702059527408736,1.1019895185310014,0.7605764235764235,0.05
2,307,12.892494206658409,10.981898537747536,1.1739768094144811,0.7842306244480157,0.05
2,308,17.018389442697778,14.14767118951927,1.2029110102095928,0.8106594794094794,0.05
2,309,17.343270833535847,14.258971477759822,1.2163058787645873,0.6556915306915307,0.05
2,310,12.51940900408585,12.532023148285507,0.9989934471034405,0.7823809523809524,0.05
2,311,24.544354203640154,13.99383614524118,1.7539403740972657,0.626978242064449,0.05
2,312,13.703870922337067,11.878818532355101,1.1536392179921726,0.6242226107226108,0.05
2,313,14.59371775490998,12.333031346846711,1.1833033862061233,0.7401131507381506,0.05
2,314,12.628957549289181,12.748693405589737,0.9906079899726777,0.770834001389557,0.05
2,315,12.460184908730835,11.377763744753453,1.095134789951717,0.747904872904873,0.05
2,316,24.045084557908453,14.896768573980696,1.6141141240461088,0.6627295053431417,0.05
2,317,13.452646483799999,14.026274483240773,0.9591033242557623,0.7679951690821255,0.05
2,318,16.52448988789678,14.004924311267885,1.179905690357908,0.7023069985569985,0.05
2,319,13.418032348606546,12.005224820385406,1.1176827214282676,0.735975468975469,0.05
2,320,13.358041293313468,13.532901744988097,0.9870788649049795,0.7307616986188414,0.05
2,321,25.557989372770024,16.339318517733012,1.5642016737131366,0.649487567987568,0.05
2,322,16.438253448141403,13.02414681936551,1.2621366816672768,0.7679460864805693,0.05
2,323,19.335388884114877,14.319746498669778,1.3502605570504356,0.814745917165272,0.05
2,324,13.414153697593827,12.890986505037539,1.0405839531638517,0.7855774127832951,0.05
2,325,20.607845341261392,11.871415430196627,1.7359215051005978,0.7036582007735853,0.05
2,326,18.174600609131595,13.048387525620349,1.392861805602109,0.7174603174603175,0.05
2,327,15.948107745902062,13.076760304679198,1.219576360988694,0.7551779239279238,0.05
2,328,17.92481274234066,14.723741020225804,1.21740885809643,0.8062579484008056,0.05
2,329,20.186490320865865,14.43786396937453,1.398163216088285,0.7567048990436087,0.05
2,330,19.651493026425552,14.6381221745752,1.3424872939343289,0.789045214045214,0.05
2,331,17.725205106180397,13.287665669230519,1.3339592933336388,0.7099855699855699,0.05
2,332,36.997786476810774,15.04908532464171,2.4584740985041638,0.6256498660070088,0.05
2,333,16.84855837245628,14.401694729996136,1.1699010906934286,0.7879148629148629,0.05
2,334,17.10489709415533,13.839116768639784,1.2359818462487424,0.7119669602428224,0.05
2,335,17.50091437390049,12.587866175502363,1.3903003201574833,0.7025800865800866,0.05
2,336,16.948280672781816,14.944486863326432,1.1340824765534552,0.7889971139971139,0.05
2,337,13.777162817442987,12.744603394584036,1.081019345278155,0.7226278510761269,0.05
2,338,17.862047904016503,13.571843171195033,1.3161106917243952,0.6840529353687249,0.05
2,339,26.16586020888723,14.267153402012502,1.8339930518442675,0.6353874240237877,0.05
2,340,16.433571583477626,15.577778452681812,1.0549367891830868,0.7298987411056376,0.05
2,341,12.665510469201852,12.809335851477995,0.9887718314248473,0.7466253831638447,0.05
2,342,19.528682583677277,14.188015228177052,1.3764210334997238,0.7387604062604062,0.05
2,343,14.255101268377556,13.631025546848953,1.0457834753066595,0.7245454545454546,0.05
2,344,16.258982739320643,16.179093727695022,1.0049377927447734,0.7473911505161506,0.05
2,345,26.27862693843053,15.486271555421915,1.696898239475214,0.7729628794144924,0.05
2,346,16.777914459288116,17.11857836371704,0.9800997549451322,0.7604997680890538,0.05
2,347,16.236481992271145,15.809109411324162,1.0270333116070949,0.731108706108706,0.05
2,348,21.112005993179267,14.668522793794091,1.4392728081733808,0.6929844665138782,0.05
2,349,17.10020460645706,15.324676831887633,1.1158606993182982,0.7334924755379301,0.05
2,350,15.165409807806144,14.583690807555179,1.0398883251110618,0.810453052694432,0.05
2,351,21.8188978129323,13.713365892468683,1.5910680123335101,0.7524499213523604,0.05
2,352,17.09451171723612,12.793704116903472,1.3361659423286394,0.803863035113035,0.05
2,353,15.852779343022744,15.531680362222534,1.0206738081979343,0.795531083031083,0.05
2,354,17.527595032172197,14.31754541476343,1.2242039067743238,0.7615751672569854,0.05
2,355,19.26470194584752,14.252553499159207,1.3516666993731328,0.7568921978404737,0.05
2,356,20.521075639477512,16.70825341591371,1.2281999278232334,0.7322655122655123,0.05
2,357,14.347802699458766,12.837181551518137,1.1176754525032,0.7535993047356684,0.05
2,358,15.222575549349797,13.84234747309895,1.0997105497411594,0.811960705960706,0.05
2,359,23.873432690846315,14.698846552718473,1.6241704820322143,0.7721688311688311,0.05
2,360,22.601902225761318,13.665409059949527,1.6539499203139696,0.7650268778840207,0.05
2,361,19.0288648111984,15.705676386320508,1.2115915509231017,0.7936434255399772,0.05
2,362,20.54639038280643,13.83244151986474,1.4853769924347628,0.7328759534116677,0.05
2,363,14.655143956849987,14.245392386804385,1.0287637966662933,0.7620751162417828,0.05
2,364,18.27801325134465,14.527624439736618,1.2581556831376917,0.7911899403278714,0.05
2,365,19.835525848814118,14.11316547882017,1.4054625717087763,0.7057212334990113,0.05
2,366,12.031561711977004,12.67204820811737,0.9494567503515265,0.7590828924162257,0.05
2,367,19.57724341126257,13.809830901366189,1.4176309290887712,0.744395342312009,0.05
2,368,20.576039319873804,12.977643288966503,1.585498912377057,0.7288466677355566,0.05
2,369,14.959634131622533,13.81676102321068,1.0827164272792986,0.763126159554731,0.05
2,370,27.12105459973777,13.85558162271569,1.9574100415441134,0.7241960296647797,0.05
2,371,20.01252610184899,14.386516576224587,1.3910612757310583,0.781823088835284,0.05
2,372,14.700200820688615,14.157687139835401,1.038319372048189,0.7919667453758362,0.05
2,373,22.265768848889767,14.800304065680196,1.5044129330099998,0.7257370553423185,0.05
2,374,13.366049461649252,12.538884927148283,1.0659679500455461,0.7436318067897015,0.05
2,375,17.187559189043284,15.907232545446119,1.0804870765508294,0.7568382472228626,0.05
2,376,27.621233480239244,13.346005304156531,2.0696255434303463,0.7425947369129187,0.05
2,377,19.506851095931605,14.97016627815564,1.303048391947113,0.7768259518259518,0.05
2,378,23.053342130213853,17.25869956421041,1.3357519808746117,0.7915343915343915,0.05
2,379,28.102673436557126,16.287218034692323,1.7254434352568673,0.6939234029859029,0.05
2,380,15.989955511529166,13.546073874632967,1.1804125431113093,0.7246919746919747,0.05
2,381,22.07706203780009,12.780888401511852,1.7273495663406773,0.6852382956549623,0.05
2,382,19.051010168776646,17.681338185336543,1.0774642715999854,0.7476581289081289,0.05
2,383,18.41124208200134,14.52138897660311,1.2678705950006277,0.7459247234247234,0.05
2,384,23.723599124730182,14.19635481499154,1.6711049726425367,0.8046732960526064,0.05
2,385,15.572776307672505,13.838906718566601,1.1252894917471843,0.7417934758843849,0.05
2,386,14.79930701928059,12.115231979229732,1.221545492868186,0.7386423340968795,0.05
2,387,16.993317749181667,14.930569431127784,1.1381560380244702,0.7472382555715888,0.05
2,388,35.400087317429886,15.64715553798953,2.262397611596719,0.7241453439034085,0.05
2,389,12.513209277459396,12.293078731157074,1.0179068686629653,0.7819990773115774,0.05
2,390,20.788407390836515,14.993626587580877,1.3864829345593692,0.7683714896214896,0.05
2,391,20.43632970093351,13.137507114544201,1.5555713517604086,0.7466028920574375,0.05
2,392,25.405614351840562,15.813201732587961,1.6066078698967388,0.8058149258149258,0.05
2,393,21.545126572926783,15.51895817048013,1.3883101131047262,0.7352231102231103,0.05
2,394,17.936454111910184,14.020780573656682,1.2792764295598897,0.717768959435626,0.05
2,395,27.973006476737343,14.909075694278883,1.8762401540071014,0.7822067614924757,0.05
2,396,12.836008212033027,12.821338180131484,1.0011441888276746,0.7550881485664094,0.05
2,397,16.15814132793596,12.915292534233686,1.2510859730901702,0.8431080283353011,0.05
2,398,17.808639142810723,12.895901233146299,1.3809534379060866,0.7173929298929298,0.05
2,399,22.0576864398147,16.15261053813229,1.3655802811404383,0.7680626417233559,0.05
3,0,35.98074644551985,13.705940239313392,2.625193588858252,0.3756406051860597,0.7627885652721107
3,1,31.035746749703137,14.723760162548782,2.1078682623916527,0.36567241680878043,0.6464959947887613
3,2,26.400491223538907,12.43620740060168,2.1228731857802257,0.35726943996174765,0.5675000943200281
3,3,25.285435310514018,11.9723373309503,2.1119882117877977,0.44178491261824593,0.4738019512005243
3,4,41.92857799105472,14.747589997788932,2.8430799878041744,0.4130337519623234,0.3975618208237168
3,5,38.05138059420701,15.281974767476092,2.4899518009406725,0.500824599782933,0.3319216477925128
3,6,32.08134076804607,12.035590854161457,2.66553932887753,0.4194247671520399,0.29726470970592683
3,7,56.98159666729088,12.77282486454009,4.461158535531413,0.5016650016650016,0.26094167969478327
3,8,50.69068693766966,14.336351319089475,3.535815062663316,0.5065642690642691,0.21460686121376377
3,9,37.45504609749403,13.068663974290954,2.8660195235853223,0.49435985470468224,0.18557221192437534
3,10,52.009088447511466,13.070047964480144,3.97925765757357,0.5868489975632832,0.16703121491575962
3,11,39.660470526578735,14.725887313412045,2.693248269695556,0.49755348817848816,0.14227749947654922
3,12,77.05283084183188,14.329697586498362,5.37714284455187,0.579810419465592,0.1230284536831903
3,13,48.971424591097055,14.855655802107025,3.296483524083217,0.545987345987346,0.1053224780212027
3,14,60.557779958957774,12.07805362788493,5.013869107117258,0.528368942885072,0.09016470616701219
3,15,42.12965881930967,13.634964289403456,3.0898253875187,0.5587825257180096,0.07718840641545711
3,16,71.38474787420063,13.518159020419278,5.280656024712644,0.5824205812109038,0.0660796262555515
3,17,47.17622692694916,11.532933605819355,4.090566072724524,0.8405277262420119,0.059477440831184676
3,18,105.23186027927146,12.713908522788682,8.276908716989086,0.7036060293872793,0.05066299470427271
3,19,50.160009358121144,13.861661204419415,3.6186145814997257,0.6020704884341247,0.05
3,20,53.2084251152338,12.64002487927779,4.209519017835506,0.5914923664923665,0.05
3,21,142.49586523230082,17.11651062011616,8.325053417419829,0.6257498453927025,0.05
3,22,46.15650398819646,15.76497909051452,2.9277871999188334,0.512508984071484,0.05
3,23,48.08566172430664,12.145557208557097,3.959115329054488,0.5538373503890746,0.05
3,24,39.052949733824256,12.991496501704368,3.006039352641234,0.503531791031791,0.05
3,25,24.884769109173224,10.787575880298899,2.306798986658319,0.5752277557833113,0.05
3,26,38.36424995608347,13.656726416414667,2.8091834592198945,0.48213827838827833,0.05
3,27,47.271445778018595,13.152182332974707,3.5941902705759503,0.40497557997558,0.05
3,28,44.91151284223622,13.379476839304619,3.3567465590508423,0.5445768877587059,0.05
3,29,52.58271693233217,12.332342645835144,4.263806029594086,0.43952621452621454,0.05
3,30,38.345297922586425,11.9636959840844,3.205138108958814,0.5130823620823621,0.05
3,31,33.300319634925536,13.44465366871192,2.4768447336372263,0.45675363284058934,0.05
3,32,40.51468841572717,12.659562067211482,3.2003230601997696,0.4805395222061889,0.05
3,33,49.5038842849559,13.404012967164762,3.6932136969893605,0.569368497000076,0.05
3,34,39.58130320532321,12.993397150551539,3.046262863106826,0.4714047064047064,0.05
3,35,40.85005048669133,14.971526408818068,2.7285160758645883,0.4928658506244713,0.05
3,36,34.46279652571558,12.205624216338192,2.8235177418934794,0.5815842759391147,0.05
3,37,39.19612667509018,16.49802793316063,2.375806783325111,0.535735599277266,0.05
3,38,42.830629479893304,15.020747139095906,2.8514313624529377,0.5740773629662519,0.05
3,39,75.35758696335405,15.817375933092125,4.764228104719672,0.5964584266308404,0.05
3,40,29.705786443159077,13.1961255421451,2.2510991084683365,0.504757781900639,0.05
3,41,36.15459932562218,13.801809412530977,2.6195550340520275,0.5514236755308184,0.05
3,42,30.416624928864348,12.223975415613188,2.4882760227097993,0.5539274511496733,0.05
3,43,30.267545991372945,13.539451250609869,2.235507586764979,0.5390170174652933,0.05
3,44,32.705600494282514,14.527782290465893,2.251245223832004,0.583961038961039,0.05
3,45,28.025570728899268,12.415994795770366,2.2572150834378943,0.6177800734618916,0.05
3,46,30.161652946599773,13.227041945454816,2.280302207476114,0.5045979273252,0.05
3,47,34.29310545425244,14.01781068008936,2.4463952493638494,0.6701928973803974,0.05
3,48,49.37159240427505,13.421783159701894,3.678467444810934,0.6705908205908205,0.05
3,49,41.415737004473485,13.00786660278057,3.1838992718160584,0.585053465053465,0.05
3,50,23.286710237280914,13.844801687501317,1.6819822170731038,0.5579825347066726,0.05
3,51,18.600851832775053,12.552604690060997,1.4818320414011752,0.4782921203375749,0.05
3,52,34.46262860518398,14.142040753122856,2.436892185986235,0.6146357548701299,0.05
3,53,25.65696378618026,15.508862941718466,1.6543420289803226,0.48800627477098063,0.05
3,54,67.2935805952904,13.334400478521689,5.046614634357439,0.6311274836274836,0.05
3,55,79.4628760324978,15.466461215877988,5.13775419750968,0.553547091047091,0.05
3,56,30.613165397285357,12.386990696756813,2.471396495462014,0.5513588263588264,0.05
3,57,23.77089271682187,14.356537519727485,1.655753881056488,0.5616379310344828,0.05
3,58,23.193770246834827,13.084459912944622,1.77261961144372,0.5528679653679653,0.05
3,59,20.767461636363024,13.230755408720423,1.569635368111721,0.5306773354850278,0.05
3,60,30.4462593003741,14.278288052694382,2.1323466222288983,0.5285398987985195,0.05
3,61,44.42517095895199,16.67089981290674,2.664833419762842,0.5386267436267436,0.05
3,62,26.706025552716397,13.658006958432551,1.9553384058153453,0.5826687895437895,0.05
3,63,37.36997602505448,14.188282196358966,2.6338619085715997,0.5718277753992039,0.05
3,64,23.783054774519982,14.378002851763165,1.654127838179103,0.5003349017237906,0.05
3,65,37.96331869165074,12.677256131782334,2.9946005899869252,0.507798814941672,0.05
3,66,35.31352795748636,15.422929590084765,2.289677052029664,0.5141686438561438,0.05
3,67,20.876394174639046,13.166308609522973,1.5855920435846,0.5003097477235408,0.05
3,68,17.97218843669393,12.739916812412071,1.410699041549803,0.5039002060741191,0.05
3,69,21.801048533985732,14.579203435913637,1.4953525156444545,0.5229472984280676,0.05
3,70,30.578060522149634,16.389525775795292,1.8657074609997892,0.5382875896033791,0.05
3,71,32.920180966766544,15.210269536096249,2.164339092653291,0.4217687074829932,0.05
3,72,25.82025308885842,14.525653690129179,1.7775622109457572,0.56780685644322,0.05
3,73,20.536839248460446,13.42437228756168,1.5298174699377791,0.5422177439418818,0.05
3,74,15.674446869637478,10.897491038678167,1.4383537287623906,0.4994047619047619,0.05
3,75,22.743214853791724,13.121980008929574,1.7332151731914582,0.5563492063492064,0.05
3,76,18.918104275532915,15.639110427250584,1.209666263534325,0.595752201015359,0.05
3,77,21.161326121646233,13.514326111834057,1.5658439752401672,0.5262037441724942,0.05
3,78,18.076548029108203,13.825498145900715,1.307478966641642,0.5249970907228972,0.05
3,79,23.095444355099687,11.040339112447452,2.091914398631169,0.5156611065701975,0.05
3,80,26.864266973205833,12.667717691273142,2.1206872167440842,0.572094572094572,0.05
3,81,31.45424358283026,13.801041960536251,2.2791209296205976,0.49486222841486,0.05
3,82,39.669970036062544,15.01128629506346,2.6426762674633832,0.5448456751581752,0.05
3,83,24.117789447364093,12.09214782887562,1.994500049839919,0.5356894063790615,0.05
3,84,22.78634734048129,12.67167015000194,1.7982118434859828,0.5860044122544122,0.05
3,85,37.61073707537717,14.619419285175963,2.5726560229047073,0.5677429052429053,0.05
3,86,43.366807732344256,15.17761281573416,2.857287786876948,0.4975002270456816,0.05
3,87,39.038463379745856,15.796530141895518,2.4713315537700358,0.5083329430985681,0.05
3,88,24.16282702050363,13.940680424186645,1.7332602344561232,0.5579944466308102,0.05
3,89,48.37582705939183,14.37582557735543,3.36508166429013,0.5386354386354386,0.05
3,90,31.961442623660634,13.604106253001879,2.3493967210531035,0.49698902288188,0.05
3,91,19.525255816314953,13.924216210137836,1.4022516974491646,0.4630316905316905,0.05
3,92,18.91471863737957,13.354445605805118,1.4163612025314944,0.5397399317853864,0.05
3,93,21.182960663683666,13.252356857148428,1.59842969005603,0.5904294316794317,0.05
3,94,19.83573339732945,13.869254431970596,1.430194643455763,0.6055685425685425,0.05
3,95,16.245066263708736,12.633664795942874,1.2858554129855981,0.4753502216737511,0.05
3,96,35.256564654436254,13.587505379913672,2.594778340000205,0.5182539682539683,0.05
3,97,31.668088176256656,14.15887608522413,2.236624431603348,0.5477740141802642,0.05
3,98,25.131442941275285,14.418131708493544,1.743044345091581,0.5300764891673982,0.05
3,99,27.58612456903493,12.659306936796346,2.179118075481,0.5559266491084672,0.05
3,100,30.284293450112685,14.3883052996568,2.104785297462033,0.5164285714285713,0.05
3,101,28.52633016133384,15.897364402041502,1.7944062575347743,0.5359904588165457,0.05
3,102,16.293211504814828,11.295378703559463,1.44246704182485,0.5073613886113886,0.05
3,103,28.496827966265286,13.3463539670485,2.135176995651589,0.49878724216959514,0.05
3,104,27.84982192074974,13.869388174059074,2.008006522799563,0.5944451171723899,0.05
3,105,30.377239001527307,14.287501009191448,2.1261408123075545,0.47315051401589864,0.05
3,106,24.14603723953004,15.832445301558336,1.5250984152873357,0.6161091512654012,0.05
3,107,22.007385432545767,13.125452397356428,1.6766953828561546,0.5921036479860009,0.05
3,108,21.959179296432414,13.554685683379942,1.6200434159353196,0.5112550515328294,0.05
3,109,21.461328345604688,12.41764405229476,1.728293084841538,0.5689533845783846,0.05
3,110,18.563447129144404,10.956526659174976,1.6942821120778642,0.5962809917355373,0.05
3,111,21.562176226992595,14.400983522246076,1.4972710852480449,0.5659522101829795,0.05
3,112,21.345103775842833,15.592704555243978,1.3689160658574953,0.5292000087454634,0.05
3,113,22.75892403002922,16.024243478977883,1.4202807177690808,0.6016825396825397,0.05
3,114,18.3263266077231,15.340568149399553,1.1946315435807644,0.5246597468188378,0.05
3,115,16.502728099152403,13.663103162940557,1.207831625242644,0.5002967991604356,0.05
3,116,25.072316580410455,14.942866265873123,1.6778786702837067,0.5266627036158286,0.05
3,117,30.23254278998257,13.162659843606479,2.296841455237292,0.5384874981649176,0.05
3,118,26.9723509979228,14.355436853063708,1.8788944755914143,0.51739991274875,0.05
3,119,19.022049067548675,12.009637343728143,1.5838987076060762,0.6007485871616306,0.05
3,120,27.898189055282035,15.674938371303435,1.779795773000043,0.5230996186353329,0.05
3,121,25.079780339699532,14.857315365565993,1.6880425381442465,0.5209628664985807,0.05
3,122,27.402762088671224,14.457799044954497,1.895361942953155,0.543500333000333,0.05
3,123,21.106559770421526,13.310086013142595,1.5857568275351914,0.48298059964726625,0.05
3,124,22.80301969721449,14.724022774906041,1.5486949487797166,0.6255703038791274,0.05
3,125,34.520156837280965,16.162963809799074,2.1357566126796947,0.63955199389982,0.05
3,126,30.312197133869088,14.20472943975435,2.1339510380982865,0.6273645546372819,0.05
3,127,19.57044786201278,14.033350791191054,1.3945669963796135,0.615290034040034,0.05
3,128,31.642944179657388,15.618102084801489,2.026042857694612,0.5263731787925335,0.05
3,129,22.471874486763593,15.16359593253371,1.481962100991485,0.6173917585682291,0.05
3,130,21.527635386651454,14.324152559437184,1.5028906804311015,0.5410090680924013,0.05
3,131,35.3335690999248,15.993076313599856,2.2093041017930104,0.5013716675481381,0.05
3,132,24.367830503992373,16.121891765352203,1.5114746370126142,0.5555565528221779,0.05
3,133,25.500545462938643,15.539591710665663,1.6410048563525796,0.5145247113997115,0.05
3,134,25.072212474218812,12.08697508007681,2.074316552165795,0.6074546485260771,0.05
3,135,20.388970065315934,13.914078390160268,1.4653482245532385,0.5174700877825879,0.05
3,136,23.357501756891615,16.476767481346744,1.4176021955358968,0.6092330746176899,0.05
3,137,27.010691528230815,14.770474546794095,1.828694903651111,0.5224877612808647,0.05
3,138,22.08479629854167,12.609356804958736,1.751460969829693,0.5327225194160679,0.05
3,139,19.353376398335637,12.75796028613333,1.5169647784035578,0.572922347922348,0.05
3,140,21.09800071606418,12.957033652289992,1.628304848335049,0.5040233575947861,0.05
3,141,23.896302594048045,15.597576550515136,1.5320522721370347,0.4722513241744011,0.05
3,142,27.916440590163994,13.382516989640838,2.0860381206146497,0.5090333277833278,0.05
3,143,23.673070150516374,16.099415244018008,1.4704304343794397,0.5577975129445718,0.05
3,144,25.261648656400492,12.868968151387763,1.9629894455583314,0.543933473933474,0.05
3,145,18.972095838346835,15.213167626028776,1.247083862133141,0.5016281611109197,0.05
3,146,29.640034209442423,14.654920972113445,2.0225311529037824,0.5665174471992653,0.05
3,147,26.57084348734702,13.486661487353654,1.9701572188389476,0.4944149285058376,0.05
3,148,28.08284294975435,14.334766626545607,1.9590722110361805,0.5531510552939125,0.05
3,149,20.7568655246467,13.66820595270515,1.5186239947268714,0.5692318869402203,0.05
3,150,22.900830368204268,14.872260685735966,1.5398351906357135,0.5523190484728946,0.05
3,151,17.907447503687163,13.721690738135024,1.3050467209495675,0.5426673567977915,0.05
3,152,18.898990125535697,15.19054994455832,1.2441281055993527,0.5540168165168166,0.05
3,153,23.43263427779255,13.722756132084866,1.707574925346464,0.5240421437536822,0.05
3,154,20.718820567928724,13.979430163702492,1.482093356117263,0.6106530275280275,0.05
3,155,18.380340866299964,12.362587414060844,1.4867713570538401,0.5226202216586832,0.05
3,156,21.77240089105464,15.891299649988143,1.3700830876391463,0.5772546897546899,0.05
3,157,16.645372764680452,11.89875992929045,1.3989165983343825,0.5674790764790765,0.05
3,158,41.65288603440071,14.822732616625505,2.8100679619412356,0.5875464152249866,0.05
3,159,22.145881755841003,13.555040735186385,1.6337746369403656,0.596980648319934,0.05
3,160,21.152225840334587,14.300131449348672,1.479163035336854,0.5866541353383459,0.05
3,161,20.10451679466994,15.103352091024739,1.3311294521576555,0.5021013708513709,0.05
3,162,25.12705516441015,14.487591963333228,1.7343845152461799,0.5049608377733378,0.05
3,163,18.057462094072715,13.482155916440876,1.3393601294917872,0.46779729109274565,0.05
3,164,27.98106558084779,13.780763699733686,2.0304437540996747,0.49102246959389817,0.05
3,165,40.97473671535338,14.77585040609476,2.7730882209292043,0.5339981447124303,0.05
3,166,40.958716921462425,14.736869450337364,2.779336348163468,0.6145327736236827,0.05
3,167,23.588427682770224,14.697933180062249,1.6048805906103816,0.5625066137566138,0.05
3,168,15.808706751914729,11.709504634790425,1.3500747678894163,0.5125036075036075,0.05
3,169,21.392132198270726,14.871710442241717,1.4384446416807817,0.4755656050298907,0.05
3,170,21.282433985454226,12.844222185890576,1.6569655738930658,0.5154366243075921,0.05
3,171,34.87323848750147,12.533979410534798,2.7822958172558145,0.5145433931148217,0.05
3,172,20.014057851521553,14.217951989677497,1.4076610939502496,0.559611519432948,0.05
3,173,17.044549024918375,11.838363680105386,1.4397723777959357,0.5413528977482466,0.05
3,174,18.161884048161287,11.740317142319157,1.546967073205795,0.5545093795093795,0.05
3,175,29.684967102536216,14.086238770916072,2.1073735569374925,0.5256068717607179,0.05
3,176,20.674395303268795,13.669236175484771,1.5124762669875802,0.5241912128275764,0.05
3,177,13.252949075239849,10.827065300592285,1.2240573698687176,0.6016778776778776,0.05
3,178,30.70388081006543,15.283248453563377,2.008989182067942,0.4641972141972142,0.05
3,179,25.32031644654999,14.367324282199545,1.7623543499968675,0.628021306650339,0.05
3,180,22.450859896049888,14.656613718635581,1.5317903798954655,0.5992610083519174,0.05
3,181,16.971841415960874,12.742290544365057,1.3319301860893624,0.5477994227994227,0.05
3,182,30.244169421008582,15.738927952046147,1.9216155962564574,0.5607438472021805,0.05
3,183,18.14742731641161,12.81737626682884,1.415845719016368,0.5819756470919262,0.05
3,184,26.119293721567566,15.34015926742562,1.7026742204059853,0.5531540681540681,0.05
3,185,16.374583745200677,12.80195914851662,1.2790685828034394,0.5372098312315703,0.05
3,186,17.19655555696575,12.973804471256413,1.325482867809892,0.5614276879583002,0.05
3,187,22.922682152227353,16.436420905644678,1.3946273512839484,0.5786860069754806,0.05
3,188,19.071433113583147,13.540852896401942,1.4084366220868394,0.5010660795143553,0.05
3,189,22.567378419861285,13.546423899315366,1.6659288523373195,0.563150477994228,0.05
3,190,31.27740693645367,13.760157665363371,2.2730413195180286,0.5627032689532689,0.05
3,191,34.81580627835318,11.927520465298379,2.918947519699957,0.5020812520812521,0.05
3,192,58.3824251043031,14.086664612000241,4.144517294361356,0.560018981018981,0.05
3,193,43.63301098019243,12.26651902194701,3.5570817525432536,0.5086794282106782,0.05
3,194,39.45929694164157,12.223788404937554,3.2280742789774384,0.5465974025974026,0.05
3,195,20.190950573963995,11.830744625880756,1.7066508670802158,0.5596806575067445,0.05
3,196,22.97392426421339,12.585153945641377,1.8254782073738527,0.528121878121878,0.05
3,197,22.447486947988978,13.72234435019327,1.6358346923186504,0.5046979769201991,0.05
3,198,25.10392824307128,15.757191779548066,1.5931727299057656,0.5729329004329003,0.05
3,199,24.567275599306413,15.2124163897277,1.6149489318406807,0.49203814203814206,0.05
3,200,41.29472292941685,15.249461575816651,2.707946292012307,0.5551647426647426,0.05
3,201,21.038957138960658,12.769455215145316,1.6476002135163317,0.48739958601069716,0.05
3,202,18.86024575217271,14.134108943264664,1.3343781223053466,0.5788619788619789,0.05
3,203,51.19825382404586,15.243767449141622,3.358635192701581,0.5144553796897546,0.05
3,204,20.491282957636862,13.456181787391689,1.522815556552379,0.527025386893808,0.05
3,205,23.02365986141794,13.590149990627483,1.6941431755570266,0.5044892029267029,0.05
3,206,26.489860707596275,15.071971343221605,1.757557794157411,0.5701717171717172,0.05
3,207,26.063440430514802,13.232820445874456,1.96960584004905,0.5904435564435565,0.05
3,208,19.618252802992323,12.380572089047002,1.5845998603205456,0.5965003515003515,0.05
3,209,31.503825506029074,13.66320501678806,2.3057419885978536,0.4913598306455449,0.05
3,210,22.285019002633558,12.99645180442354,1.7147002380333156,0.5053059553059552,0.05
3,211,26.563514261274516,14.820244884934707,1.7923802519806706,0.45511183261183263,0.05
3,212,24.449874823944903,14.146525993815457,1.7283306752932726,0.5092421467421467,0.05
3,213,27.592040377990532,12.649493877335408,2.181276234887806,0.5257086085211086,0.05
3,214,21.756128496853155,15.00496092525377,1.4499290338195403,0.5765671629957344,0.05
3,215,19.43326039622801,12.313990601076975,1.5781448131467948,0.540436507936508,0.05
3,216,25.85196916460413,13.127944124565913,1.9692321142827038,0.4912518037518037,0.05
3,217,19.067463263338933,13.163834700151861,1.4484733132602285,0.47881502881502885,0.05
3,218,21.099472812567214,14.449196396518886,1.4602523374691287,0.5388187429854097,0.05
3,219,33.49762657436475,18.105233026454307,1.850162686413369,0.518508792794507,0.05
3,220,23.61084276155655,13.90522322032324,1.6979837279453394,0.609219812445619,0.05
3,221,31.095023363584783,16.0498716434971,1.937400127195628,0.4762368583797155,0.05
3,222,34.99012101377671,13.718065183864924,2.550660063558511,0.5857397978365719,0.05
3,223,31.463265961816067,16.035443143617886,1.9621076686202128,0.5949991848429348,0.05
3,224,20.818358524434956,12.317863695777115,1.690094892962002,0.5741728859375917,0.05
3,225,28.020845726698163,13.815337900310015,2.028241793931756,0.5318720342157842,0.05
3,226,63.35067791142933,12.415581279573562,5.102514049475518,0.5470756841724583,0.05
3,227,17.23662348522566,13.322578577301107,1.293790341352782,0.5162630193880194,0.05
3,228,24.951126040057524,15.510876329632941,1.6086212996482567,0.47780648470303644,0.05
3,229,19.521261651668375,12.147670933221898,1.60699625129628,0.534949494949495,0.05
3,230,22.881354499990806,15.270619008884536,1.4983907650815138,0.5327258268047741,0.05
3,231,22.087071068268134,13.800485812731615,1.6004560540826571,0.5522667147667147,0.05
3,232,22.40408782029993,16.44945752116198,1.3619955424960009,0.5384405157132429,0.05
3,233,17.348188386472483,13.375170445573726,1.297044284935715,0.5327093134785442,0.05
3,234,24.260713679572348,13.961033743726247,1.7377447920340805,0.5422597050645831,0.05
3,235,18.04483411102382,13.426566546318364,1.343964895922838,0.5424843674843676,0.05
3,236,16.622664767767642,11.884571652074897,1.3986759686762067,0.596967106967107,0.05
3,237,15.31420161542504,12.567031191574019,1.2186013850027644,0.5318930041152263,0.05
3,238,25.1811748123744,15.59024592604386,1.615187786762791,0.5170432681796319,0.05
3,239,27.213805359252532,12.917798002606869,2.1066907342691583,0.49148629148629147,0.05
3,240,20.055842090128134,12.156306986975272,1.6498301755308356,0.5511124061124061,0.05
3,241,17.52550802155037,13.235175597683313,1.3241613526168883,0.5745984468206691,0.05
3,242,23.19140064504711,14.090268389711204,1.6459161744556694,0.49461741961741956,0.05
3,243,28.68334838252452,14.372848931334794,1.9956619957224253,0.6184067234848485,0.05
3,244,39.48776112118059,14.023155209416236,2.8158970311235976,0.4249361749361749,0.05
3,245,29.12553188708782,14.614733604758438,1.9928883190593898,0.5019137755248866,0.05
3,246,27.139354780558808,16.305279605104854,1.664451971253656,0.5518331341860754,0.05
3,247,30.881851346768507,12.457123755994273,2.4790515011066176,0.5327473966362855,0.05
3,248,43.33203040269484,14.014581767038242,3.091924619870577,0.5446548821548821,0.05
3,249,20.22976343850402,12.542536945068615,1.6128924735962458,0.5712085328464639,0.05
3,250,28.98356319480909,13.540825494073456,2.1404576262720916,0.5523418050203764,0.05
3,251,19.49894308943964,12.369661357787386,1.5763522157511591,0.5366570466570466,0.05
3,252,19.5972403520899,12.16300964966297,1.6112163778997686,0.5111657861657862,0.05
3,253,16.07957741013937,12.634527228004833,1.2726694968450003,0.5591009888804006,0.05
3,254,25.106076974764807,13.68959447072537,1.8339533014256275,0.4838036963036963,0.05
3,255,22.67605242239061,14.943487539670972,1.5174538314561272,0.5451811629230984,0.05
3,256,22.321330025348885,14.062401943476607,1.5873056477171388,0.5577128427128427,0.05
3,257,20.68968993374411,15.512627244058576,1.333732165946834,0.5545385831100117,0.05
3,258,22.917968326154455,13.056222330308415,1.7553292021500897,0.5607527973381632,0.05
3,259,17.035405957123423,12.01320597388296,1.418056594897221,0.46175226288862653,0.05
3,260,27.39128347551607,13.192444480473103,2.0762856736717357,0.600217143967144,0.05
3,261,19.73999558827674,14.179937423697242,1.3921073837242495,0.489576015382467,0.05
3,262,21.439593688458928,14.16118582130146,1.513968812993696,0.5407644005300255,0.05
3,263,23.274099079969318,13.2192824618273,1.7606174273964446,0.48670328514078515,0.05
3,264,30.51484611666657,13.829559029089099,2.2064945131281215,0.5093696178373598,0.05
3,265,21.323320577431385,13.561891919606254,1.572296896615474,0.5409732243065576,0.05
3,266,21.858558615859838,14.7993114377825,1.4769983527784374,0.5622965367965368,0.05
3,267,37.933499468033204,15.775108075537823,2.4046427629143157,0.4754027865138976,0.05
3,268,25.763087722218106,14.014159843858213,1.8383612010468775,0.48541544240073653,0.05
3,269,29.292445282915544,11.536719442130144,2.539061943029012,0.5685749766106909,0.05
3,270,31.870683020112622,14.292983849430849,2.2298131276053827,0.5090810704447067,0.05
3,271,25.49001183904263,13.663182746336814,1.8655983976995891,0.5238585760644584,0.05
3,272,22.59179489094209,13.345177845730552,1.6928807657793603,0.4954308236566301,0.05
3,273,20.155306912147953,12.655078483585967,1.59266550091254,0.5214125804750804,0.05
3,274,21.314165818267178,13.61343916377749,1.565670919878917,0.5691089104132583,0.05
3,275,29.89248098052981,14.482125345019265,2.064094894111003,0.5701788355014161,0.05
3,276,18.681523212833408,11.910461674921482,1.5684969838044975,0.5405204643841007,0.05
3,277,27.143468035938223,15.054368335926807,1.8030293553507082,0.5246777416132254,0.05
3,278,28.854519444351748,13.215235444931384,2.183428328960927,0.5341991341991342,0.05
3,279,19.916907172023485,13.07892046941152,1.5228250082722339,0.5097274550845979,0.05
3,280,22.890391210455817,13.842466751757039,1.653635267540037,0.506681898348565,0.05
3,281,25.508255411469126,14.648596917690885,1.7413446185185968,0.46058005486576914,0.05
3,282,31.35304353560201,14.269824062445405,2.1971569795394568,0.5620281765018608,0.05
3,283,21.90223560015924,14.412435781072656,1.5196761971992738,0.5336026077097505,0.05
3,284,20.159429357118633,13.424716799879116,1.5016651492640918,0.5245934017673148,0.05
3,285,30.154600518787323,14.125603327398933,2.134747792350753,0.6030403128617415,0.05
3,286,25.354025868307136,14.373728061728558,1.763914397115574,0.44695156695156696,0.05
3,287,25.212536428040575,13.455725394669784,1.8737404107568973,0.5495215895215896,0.05
3,288,27.04147272915389,15.225856430497208,1.7760230994290833,0.5347636622636622,0.05
3,289,19.58699454533034,15.364039241745488,1.2748597056502369,0.5435766394099727,0.05
3,290,30.296119431084538,14.413143980147465,2.1019785463056597,0.5057350585922015,0.05
3,291,22.11572673322945,12.695760119318816,1.7419773629446975,0.5461662961662962,0.05
3,292,20.79721109061724,13.257768894905597,1.5686810696035538,0.4920594837261503,0.05
3,293,36.0021876399398,13.962725560563394,2.578449850910564,0.4730429292929293,0.05
3,294,17.012622980005567,12.184294374100185,1.3962747827374251,0.49974053724053724,0.05
3,295,21.89529188741207,14.47162611229176,1.5129807609398418,0.5338327859879584,0.05
3,296,23.52584903313507,14.51906880643639,1.6203414521119923,0.5645508658008658,0.05
3,297,25.63759695364063,15.993602385891247,1.6029907668741867,0.5082633477633478,0.05
3,298,20.3344008278056,14.211809809229754,1.4308100868757456,0.5362070469213327,0.05
3,299,31.35758430758625,15.47408597437346,2.0264579348671936,0.5052489177489178,0.05
3,300,24.381296670785403,14.718654183189614,1.6564895381964766,0.5630911823219515,0.05
3,301,22.49285211338328,12.964039556766995,1.7350187813676035,0.5389184533415302,0.05
3,302,23.966336814736618,14.034940154116008,1.7076194519937473,0.5109213831436054,0.05
3,303,23.568647370513034,13.352547619905364,1.7651049104200893,0.5328092432259098,0.05
3,304,30.641155315909586,15.400627538220162,1.989604335269234,0.5344285714285715,0.05
3,305,30.722455033794922,14.11094628637647,2.177207283643066,0.561202300785634,0.05
3,306,31.757741183353435,16.659911590998046,1.9062370775432742,0.562546992481203,0.05
3,307,24.073002024735985,14.951715119449368,1.6100495382915327,0.5470257595257596,0.05
3,308,25.415941849457695,15.456995120183763,1.644300308814197,0.5285934744268077,0.05
3,309,30.262469128147433,12.621683539642927,2.3976570980485516,0.5335807710807711,0.05
3,310,22.04836674818592,14.082742290781914,1.565630208444419,0.5636898943350557,0.05
3,311,22.37793591315821,13.890590569824708,1.6110140026566637,0.5228292540792541,0.05
3,312,23.703875345847894,12.187711424586938,1.9448996222562973,0.5069843898791268,0.05
3,313,26.36771221785187,14.05608181831794,1.8758934786143153,0.5462300662300662,0.05
3,314,18.669070419006456,12.230966653924455,1.5263773458998235,0.57925383794949,0.05
3,315,23.29164386013712,13.472536789843925,1.7288239196121689,0.5717279942279943,0.05
3,316,18.465399975343594,14.32618557216354,1.288926482372443,0.5875244794887652,0.05
3,317,22.310832347214628,14.805457694141824,1.50693297080863,0.4951550843792223,0.05
3,318,19.435822177479988,13.790976466288077,1.4093144328823044,0.5956540854978355,0.05
3,319,22.417865387942097,14.558687307977463,1.539827383726978,0.5227960825183048,0.05
3,320,19.729764815504755,13.590978989881908,1.4516809149799286,0.5357448585896861,0.05
3,321,17.123345004525085,14.423169062509483,1.1872110026800031,0.5139875357617293,0.05
3,322,20.68026494735546,14.095394965799203,1.4671646305430717,0.5579191641691642,0.05
3,323,25.271938170983642,15.08906346251119,1.6748513407589427,0.5043528367057779,0.05
3,324,35.48527948598575,15.079738169323115,2.353176102100623,0.4598462301587301,0.05
3,325,31.505327549115076,15.032591761130064,2.09580144593421,0.5483373652491299,0.05
3,326,22.95101948727945,13.974900072989987,1.6423029408015641,0.5947960372960372,0.05
3,327,19.75125403077259,14.44476900888491,1.367363785369201,0.4608975468975469,0.05
3,328,19.507144048064166,13.706228877778559,1.4232320372010154,0.5700449123526046,0.05
3,329,37.0602117203803,14.803741447617904,2.5034354897047817,0.5727645250372523,0.05
3,330,38.339192648749325,13.895989287986257,2.7590113848098157,0.5514498548589458,0.05
3,331,25.99159321242908,11.757563863237783,2.210627432243566,0.5796724386724387,0.05
3,332,18.11572655307464,10.256001381696386,1.7663537551199338,0.5954853837918354,0.05
3,333,18.0473152662695,12.938893014737156,1.3948113834555975,0.5447330447330447,0.05
3,334,23.711852666615385,14.694505652212959,1.613654329572117,0.506163677592249,0.05
3,335,27.231490667321324,14.440647611321879,1.8857527307827289,0.5396745230078563,0.05
3,336,22.063178133659115,13.600861032441298,1.622189807030097,0.5130555555555555,0.05
3,337,22.551957528552883,12.870070968153986,1.752279189785044,0.5445436507936507,0.05
3,338,18.292241737912562,11.296896330265868,1.6192271933048765,0.5546842046842047,0.05
3,339,22.201166331085364,14.43525797172018,1.5379819587969412,0.4317180761625206,0.05
3,340,24.09033899347974,14.594041208088568,1.6506969282865918,0.5575184364246865,0.05
3,341,18.488801162347052,13.221419873711787,1.3983975502592143,0.525444116069116,0.05
3,342,20.768732451034467,15.377029845152006,1.350633552784729,0.497382555715889,0.05
3,343,24.26984054816419,12.53576114778749,1.9360484187629656,0.6261879067434623,0.05
3,344,20.669008616937617,14.119291704234803,1.4638842407893844,0.540438628831486,0.05
3,345,27.41843480907999,14.51381568797758,1.8891265673017925,0.5418062613714788,0.05
3,346,27.345485109288923,13.37199072889501,2.0449823563068388,0.6336162448662448,0.05
3,347,26.18934139808287,11.61223693312184,2.255322686655009,0.5150807525807526,0.05
3,348,20.26183049047087,13.84264180426119,1.463725694631039,0.5595063185972277,0.05
3,349,20.807327127524783,14.442900145291716,1.4406612881214045,0.5796717171717172,0.05
3,350,20.393927393444795,14.229864792700882,1.4331778755835916,0.5830149451243202,0.05
3,351,25.63283137372925,13.311303781757024,1.9256439334559192,0.541860014985015,0.05
3,352,30.628629055374315,15.14918212619345,2.0218008338824034,0.622058497058497,0.05
3,353,18.781112174543306,12.788307748485485,1.4686159063358126,0.4807147833009902,0.05
3,354,20.217963975907615,14.107109439935787,1.4331755248649751,0.5658775048480931,0.05
3,355,24.352380577482265,15.929040378579039,1.5288039956399833,0.6305881618381618,0.05
3,356,22.83826338052556,13.729891940776383,1.663397168676779,0.61850838555384,0.05
3,357,30.004647239953552,15.761215877586926,1.903701305342905,0.5654562609108064,0.05
3,358,41.674058584104145,15.488141510756774,2.6907075038771313,0.580910885989011,0.05
3,359,24.2285327524313,13.362539028815787,1.8131683432455035,0.47328151646333466,0.05
3,360,24.76381732893866,15.515286071591168,1.5960915715425807,0.608991452991453,0.05
3,361,34.226748646626795,15.689517745977057,2.1815041864752573,0.5113645738645739,0.05
3,362,25.50068497758284,14.111570581832076,1.8070763158293426,0.5028846153846154,0.05
3,363,22.709156609915286,11.156248077042347,2.0355550049704303,0.6034943026322337,0.05
3,364,24.793878635290945,14.10831780479683,1.7573943951603517,0.5088194444444445,0.05
3,365,36.22930012968283,14.351160132306001,2.5244858112987525,0.5380645743145743,0.05
3,366,25.587078003624892,12.959429520416672,1.9743984843865423,0.5169770622895623,0.05
3,367,26.688852234268285,13.352203531667074,1.998835036551909,0.5940148329037217,0.05
3,368,32.01330099964464,14.776114730837254,2.166557419375877,0.4404488232074439,0.05
3,369,27.03896560810007,13.570010529205865,1.9925530308105388,0.5347607520684443,0.05
3,370,17.25341925236578,11.156327079344186,1.5465142900220532,0.5392240069871649,0.05
3,371,17.86502315210649,11.862245369772719,1.5060406015230476,0.6073529411764705,0.05
3,372,24.354686665984755,16.1000622629072,1.512707607478967,0.5378640906418684,0.05
3,373,22.889485489001366,15.699105943201925,1.4580120404189667,0.5519618453441982,0.05
3,374,27.64148570896987,14.869599174378308,1.8589260803074439,0.5148364180622246,0.05
3,375,25.102566188187147,16.096684112995405,1.5594867869663285,0.5750814000814001,0.05
3,376,19.560895026586277,11.859826713631987,1.6493407112013267,0.5529230384999616,0.05
3,377,19.486643030014193,11.901887717358004,1.637273304267053,0.5498000015857158,0.05
3,378,19.377564218281208,13.144846128370036,1.4741567933959552,0.5006723349114653,0.05
3,379,22.02571028615823,12.430148100731985,1.7719587978892368,0.5278893849206349,0.05
3,380,21.986847158765624,14.284590597471007,1.5392003718089233,0.5904243078350221,0.05
3,381,25.137026920951385,13.172777006078412,1.9082557086749605,0.6204182925336772,0.05
3,382,29.516821414384307,14.76309648723071,1.9993652036288445,0.5375880529726683,0.05
3,383,14.229467555742604,12.00378561725936,1.1854150023541823,0.575088442023926,0.05
3,384,20.231204777398048,12.870291675338057,1.5719305581989964,0.5658214801071945,0.05
3,385,19.543221963278228,14.783405223532919,1.3219702543341239,0.568150024578596,0.05
3,386,34.10247265141961,17.27847282603143,1.973697154533325,0.5327970177970178,0.05
3,387,20.117985841343017,15.047757820772874,1.3369424256397109,0.5188137993693549,0.05
3,388,27.371189332535042,15.095830768238478,1.8131621738979633,0.5453144474573046,0.05
3,389,28.18773316265023,15.80892783905163,1.7830262399591796,0.5131448412698413,0.05
3,390,38.94189907390208,15.607518762097007,2.4950730265000747,0.5417062638216484,0.05
3,391,19.891045574906258,12.557805994356826,1.5839586615563905,0.5468539077410045,0.05
3,392,23.577502926020394,14.88927376503411,1.583522695471533,0.5383654224563316,0.05
3,393,23.847800289723406,14.05107185926803,1.6972228544965766,0.5194378334084216,0.05
3,394,19.803149917739,13.192301525999746,1.501114106489335,0.5659890264056932,0.05
3,395,16.55826809464899,13.19556551082939,1.2548358068519219,0.539462598333566,0.05
3,396,22.416364800107786,12.721752190661734,1.762050106318081,0.5108039687585142,0.05
3,397,22.002821206340727,13.454837270562082,1.635309351119454,0.5870393495393496,0.05
3,398,23.946123545695464,12.86470414633128,1.8613815967562963,0.5932294432294432,0.05
3,399,19.897479969871778,14.101832330519924,1.4109854310782444,0.5275355957174139,0.05
